author,author_flair_richtext,author_fullname,author_flair_text,body,created_utc,edited,id,is_submitter,parent_id,link_id,score,collapsed,collapsed_reason,retrieved_on,toxicityScore,WC,Analytic,Clout,Authentic,Tone,WPS,Sixltr,Dic,function,pronoun,ppron,i,we,you,shehe,they,ipron,article,prep,auxverb,adverb,conj,negate,verb,adj,compare,interrog,number,quant,affect,posemo,negemo,anx,anger,sad,social,family,friend,female,male,cogproc,insight,cause,discrep,tentat,certain,differ,percept,see,hear,feel,bio,body.1,health,sexual,ingest,drives,affiliation,achieve,power,reward,risk,focuspast,focuspresent,focusfuture,relativ,motion,space,time,work,leisure,home,money,relig,death,informal,swear,netspeak,assent,nonflu,filler,AllPunc,Period,Comma,Colon,SemiC,QMark,Exclam,Dash,Quote,Apostro,Parenth,OtherP
testAuthor,"[{'e': 'text', 't': 'Test Flair'}]",testFullname,test flair,reddit post body text,1643296977,,9351117761,False,5401607025,5401607025,1,False,,,0.15743166,9,99.0,13.32,58.07,1.0,9.0,22.22,77.78,44.44,0.0,0.0,0.0,0.0,0.0,0.0,0.0,0.0,11.11,22.22,0.0,0.0,0.0,11.11,22.22,0.0,11.11,0.0,0.0,0.0,11.11,0.0,11.11,0.0,11.11,0.0,0.0,0.0,0.0,0.0,0.0,11.11,11.11,0.0,0.0,11.11,0.0,0.0,0.0,0.0,0.0,0.0,0.0,0.0,0.0,0.0,0.0,0.0,0.0,0.0,0.0,0.0,0.0,0.0,11.11,0.0,11.11,0.0,0.0,11.11,0.0,0.0,0.0,0.0,0.0,0.0,0.0,0.0,0.0,0.0,0.0,0.0,11.11,0.0,0.0,0.0,0.0,11.11,0.0,0.0,0.0,0.0,0.0,0.0
testAuthor,"[{'e': 'text', 't': 'Test Flair'}]",testFullname,test flair,reddit post body text,1643296898,,7084114320,False,5401607025,5401607025,1,False,,,0.011037151,2,1.0,1.0,99.0,25.77,2.0,0.0,100.0,100.0,0.0,0.0,0.0,0.0,0.0,0.0,0.0,0.0,0.0,0.0,0.0,50.0,50.0,0.0,0.0,0.0,0.0,50.0,0.0,0.0,0.0,0.0,0.0,0.0,0.0,0.0,0.0,0.0,0.0,0.0,0.0,100.0,0.0,50.0,0.0,0.0,0.0,50.0,0.0,0.0,0.0,0.0,0.0,0.0,0.0,0.0,0.0,0.0,0.0,0.0,0.0,0.0,0.0,0.0,0.0,0.0,0.0,0.0,0.0,0.0,0.0,0.0,0.0,0.0,0.0,0.0,0.0,0.0,0.0,0.0,0.0,0.0,50.0,0.0,0.0,0.0,0.0,50.0,0.0,0.0,0.0,0.0,0.0,0.0
testAuthor,"[{'e': 'text', 't': 'Test Flair'}]",testFullname,test flair,reddit post body text,1643290478,,1612297573,False,6095918217,2588021997,1,False,,,0.020269485,6,1.0,99.0,1.0,25.77,6.0,33.33,66.67,50.0,16.67,16.67,0.0,0.0,16.67,0.0,0.0,0.0,0.0,0.0,16.67,16.67,16.67,0.0,16.67,0.0,0.0,0.0,0.0,0.0,0.0,0.0,0.0,0.0,0.0,0.0,16.67,0.0,0.0,0.0,0.0,0.0,0.0,0.0,0.0,0.0,0.0,0.0,0.0,0.0,0.0,0.0,0.0,0.0,0.0,0.0,0.0,16.67,0.0,0.0,16.67,0.0,0.0,0.0,16.67,0.0,0.0,0.0,0.0,0.0,16.67,0.0,0.0,0.0,0.0,0.0,0.0,0.0,0.0,0.0,0.0,0.0,83.33,66.67,0.0,0.0,0.0,16.67,0.0,0.0,0.0,0.0,0.0,0.0
testAuthor,"[{'e': 'text', 't': 'Test Flair'}]",testFullname,test flair,reddit post body text,1643267449,,2106980917,False,6095918217,2588021997,1,False,,,0.317855,26,1.0,93.79,1.4,25.77,8.67,15.38,96.15,69.23,23.08,15.38,0.0,3.85,0.0,0.0,11.54,7.69,3.85,3.85,23.08,11.54,3.85,0.0,23.08,3.85,3.85,0.0,0.0,0.0,15.38,7.69,7.69,0.0,3.85,0.0,15.38,0.0,0.0,0.0,0.0,11.54,0.0,0.0,3.85,3.85,0.0,3.85,3.85,0.0,0.0,0.0,0.0,0.0,0.0,0.0,0.0,11.54,3.85,3.85,3.85,7.69,0.0,0.0,15.38,0.0,7.69,3.85,3.85,3.85,0.0,0.0,0.0,0.0,0.0,0.0,0.0,0.0,0.0,0.0,0.0,0.0,11.54,11.54,0.0,0.0,0.0,0.0,0.0,0.0,0.0,0.0,0.0,0.0
testAuthor,"[{'e': 'text', 't': 'Test Flair'}]",testFullname,test flair,reddit post body text,1643265132,,982847686,False,243694406,2588021997,1,False,,,0.060927194,47,49.07,66.48,1.0,66.07,11.75,14.89,80.85,59.57,14.89,4.26,0.0,0.0,2.13,0.0,2.13,10.64,8.51,14.89,12.77,6.38,8.51,2.13,17.02,2.13,4.26,2.13,0.0,2.13,2.13,2.13,0.0,0.0,0.0,0.0,6.38,0.0,0.0,0.0,0.0,8.51,0.0,2.13,4.26,4.26,0.0,2.13,0.0,0.0,0.0,0.0,0.0,0.0,0.0,0.0,0.0,4.26,0.0,0.0,4.26,0.0,0.0,4.26,12.77,0.0,8.51,0.0,6.38,2.13,4.26,0.0,0.0,0.0,0.0,0.0,0.0,0.0,0.0,0.0,0.0,0.0,14.89,8.51,0.0,0.0,0.0,0.0,0.0,0.0,0.0,6.38,0.0,0.0
testAuthor,"[{'e': 'text', 't': 'Test Flair'}]",testFullname,test flair,reddit post body text,1643264848,,2313324317,True,243694406,2588021997,1,False,,,0.058130227,67,54.4,27.53,92.99,1.67,13.4,23.88,86.57,61.19,17.91,8.96,2.99,0.0,0.0,0.0,5.97,8.96,4.48,17.91,7.46,7.46,4.48,4.48,13.43,1.49,0.0,2.99,1.49,0.0,2.99,0.0,2.99,0.0,1.49,0.0,8.96,0.0,0.0,0.0,0.0,11.94,2.99,1.49,0.0,0.0,0.0,7.46,1.49,1.49,0.0,0.0,0.0,0.0,0.0,0.0,0.0,4.48,1.49,1.49,0.0,1.49,0.0,1.49,7.46,2.99,16.42,1.49,8.96,4.48,1.49,0.0,0.0,0.0,0.0,0.0,1.49,0.0,0.0,0.0,0.0,1.49,14.93,11.94,0.0,0.0,0.0,0.0,0.0,1.49,0.0,1.49,0.0,0.0
testAuthor,"[{'e': 'text', 't': 'Test Flair'}]",testFullname,test flair,reddit post body text,1643264619,,9414276843,False,2588021997,2588021997,1,False,,,0.1008549,133,96.11,67.4,55.32,39.19,11.08,18.05,60.9,24.06,3.01,2.26,0.0,0.0,2.26,0.0,0.0,0.75,5.26,9.77,2.26,0.75,5.26,0.0,8.27,6.77,1.5,0.75,18.05,0.75,2.26,1.5,0.75,0.0,0.75,0.0,3.01,0.0,0.0,0.0,0.0,4.51,0.75,1.5,0.75,0.75,0.75,0.75,6.02,0.0,0.0,2.26,9.77,0.75,0.0,0.0,9.02,6.02,0.0,3.01,3.01,0.75,0.75,0.75,5.26,2.26,21.05,4.51,9.02,7.52,0.75,0.0,3.76,0.0,0.0,0.0,0.75,0.0,0.0,0.75,0.0,0.0,24.06,7.52,3.76,1.5,0.0,0.0,1.5,3.76,0.0,0.75,0.0,5.26
testAuthor,"[{'e': 'text', 't': 'Test Flair'}]",testFullname,test flair,reddit post body text,1643263738,,4763621145,False,2588021997,2588021997,1,False,,,0.087430015,24,18.82,89.42,23.51,25.77,8.0,4.17,83.33,58.33,8.33,8.33,0.0,0.0,4.17,4.17,0.0,0.0,4.17,8.33,20.83,16.67,0.0,0.0,33.33,4.17,4.17,0.0,4.17,0.0,0.0,0.0,0.0,0.0,0.0,0.0,8.33,0.0,0.0,0.0,4.17,12.5,0.0,0.0,4.17,8.33,0.0,0.0,4.17,4.17,0.0,0.0,0.0,0.0,0.0,0.0,0.0,8.33,0.0,0.0,4.17,4.17,0.0,8.33,12.5,8.33,25.0,4.17,4.17,8.33,0.0,0.0,0.0,0.0,0.0,0.0,0.0,0.0,0.0,0.0,0.0,0.0,12.5,8.33,0.0,0.0,0.0,0.0,0.0,0.0,0.0,4.17,0.0,0.0
testAuthor,"[{'e': 'text', 't': 'Test Flair'}]",testFullname,test flair,reddit post body text,1643263042,,2288573441,False,2588021997,2588021997,1,False,,,0.5535644,12,18.82,99.0,1.0,99.0,12.0,25.0,75.0,58.33,16.67,16.67,0.0,0.0,16.67,0.0,0.0,0.0,0.0,16.67,16.67,8.33,8.33,0.0,16.67,0.0,0.0,0.0,0.0,0.0,8.33,8.33,0.0,0.0,0.0,0.0,33.33,8.33,0.0,0.0,8.33,8.33,0.0,0.0,8.33,0.0,8.33,0.0,0.0,0.0,0.0,0.0,8.33,0.0,0.0,0.0,0.0,8.33,8.33,0.0,0.0,0.0,0.0,0.0,0.0,0.0,8.33,0.0,8.33,0.0,0.0,0.0,0.0,0.0,0.0,0.0,0.0,0.0,0.0,0.0,0.0,0.0,8.33,0.0,0.0,0.0,0.0,0.0,8.33,0.0,0.0,0.0,0.0,0.0
testAuthor,"[{'e': 'text', 't': 'Test Flair'}]",testFullname,test flair,reddit post body text,1643262979,,8781462702,False,2588021997,2588021997,1,False,,,0.8086813,8,93.26,89.42,99.0,1.0,4.0,12.5,87.5,50.0,12.5,12.5,0.0,0.0,12.5,0.0,0.0,0.0,12.5,12.5,12.5,0.0,0.0,0.0,25.0,0.0,0.0,0.0,0.0,0.0,12.5,0.0,12.5,0.0,12.5,0.0,12.5,0.0,0.0,0.0,0.0,0.0,0.0,0.0,0.0,0.0,0.0,0.0,0.0,0.0,0.0,0.0,12.5,0.0,0.0,12.5,0.0,0.0,0.0,0.0,0.0,0.0,0.0,0.0,12.5,0.0,37.5,25.0,12.5,0.0,0.0,0.0,0.0,0.0,0.0,0.0,12.5,12.5,0.0,0.0,0.0,0.0,25.0,12.5,0.0,0.0,0.0,0.0,12.5,0.0,0.0,0.0,0.0,0.0
testAuthor,"[{'e': 'text', 't': 'Test Flair'}]",testFullname,test flair,reddit post body text,1643262930,,7034699246,False,2588021997,2588021997,1,False,,,0.6357597,43,79.72,59.18,64.67,3.52,14.33,13.95,83.72,58.14,16.28,6.98,2.33,0.0,4.65,0.0,0.0,9.3,11.63,13.95,9.3,2.33,4.65,2.33,11.63,6.98,0.0,4.65,2.33,0.0,6.98,2.33,4.65,0.0,2.33,0.0,6.98,0.0,0.0,0.0,0.0,6.98,2.33,2.33,0.0,0.0,0.0,2.33,0.0,0.0,0.0,0.0,4.65,0.0,2.33,0.0,2.33,9.3,0.0,4.65,2.33,0.0,2.33,0.0,13.95,0.0,16.28,0.0,6.98,6.98,0.0,2.33,0.0,0.0,0.0,0.0,2.33,2.33,0.0,0.0,0.0,0.0,23.26,13.95,6.98,0.0,0.0,0.0,0.0,0.0,0.0,2.33,0.0,0.0
testAuthor,"[{'e': 'text', 't': 'Test Flair'}]",testFullname,test flair,reddit post body text,1643220087,,7264732255,False,4265234460,4265234460,1,False,,,0.011870144,63,94.61,78.64,2.82,1.0,63.0,36.51,50.79,12.7,1.59,0.0,0.0,0.0,0.0,0.0,0.0,1.59,1.59,6.35,3.17,1.59,0.0,0.0,4.76,0.0,0.0,0.0,1.59,0.0,4.76,0.0,4.76,0.0,1.59,0.0,7.94,0.0,0.0,0.0,0.0,0.0,0.0,0.0,0.0,0.0,0.0,0.0,1.59,0.0,1.59,0.0,0.0,0.0,0.0,0.0,0.0,6.35,3.17,0.0,3.17,0.0,0.0,1.59,1.59,0.0,9.52,0.0,3.17,6.35,0.0,4.76,0.0,0.0,0.0,0.0,9.52,0.0,9.52,0.0,0.0,0.0,61.9,6.35,3.17,0.0,0.0,0.0,0.0,0.0,0.0,0.0,6.35,46.03
testAuthor,"[{'e': 'text', 't': 'Test Flair'}]",testFullname,test flair,reddit post body text,1643220028,,3616306512,True,8189181699,4265234460,1,False,,,0.04783881,7,29.3,1.0,89.63,25.77,7.0,57.14,71.43,71.43,14.29,14.29,14.29,0.0,0.0,0.0,0.0,0.0,14.29,14.29,14.29,14.29,14.29,0.0,14.29,0.0,0.0,0.0,0.0,0.0,0.0,0.0,0.0,0.0,0.0,0.0,0.0,0.0,0.0,0.0,0.0,28.57,0.0,0.0,0.0,0.0,14.29,14.29,0.0,0.0,0.0,0.0,0.0,0.0,0.0,0.0,0.0,0.0,0.0,0.0,0.0,0.0,0.0,0.0,14.29,0.0,0.0,0.0,0.0,0.0,0.0,0.0,0.0,0.0,0.0,0.0,0.0,0.0,0.0,0.0,0.0,0.0,28.57,14.29,0.0,0.0,0.0,0.0,0.0,0.0,0.0,14.29,0.0,0.0
testAuthor,"[{'e': 'text', 't': 'Test Flair'}]",testFullname,test flair,reddit post body text,1643219917,,6438142168,False,4265234460,4265234460,1,False,,,0.10300289,86,66.17,54.63,8.57,95.29,17.2,15.12,81.4,58.14,13.95,6.98,2.33,1.16,0.0,0.0,3.49,6.98,10.47,15.12,13.95,5.81,5.81,1.16,16.28,1.16,0.0,3.49,1.16,3.49,9.3,6.98,2.33,0.0,1.16,1.16,5.81,0.0,0.0,0.0,0.0,8.14,0.0,3.49,0.0,0.0,2.33,2.33,2.33,1.16,0.0,0.0,2.33,1.16,0.0,0.0,1.16,4.65,1.16,0.0,2.33,1.16,0.0,5.81,11.63,0.0,8.14,0.0,6.98,1.16,1.16,2.33,0.0,0.0,0.0,0.0,1.16,0.0,0.0,0.0,0.0,0.0,17.44,8.14,3.49,0.0,0.0,0.0,0.0,1.16,0.0,3.49,0.0,1.16
testAuthor,"[{'e': 'text', 't': 'Test Flair'}]",testFullname,test flair,reddit post body text,1643219760,,5919051756,True,4937695352,4265234460,1,False,,,0.044405237,4,93.26,50.0,74.76,25.77,4.0,25.0,50.0,0.0,0.0,0.0,0.0,0.0,0.0,0.0,0.0,0.0,0.0,0.0,0.0,0.0,0.0,0.0,0.0,0.0,0.0,0.0,0.0,25.0,0.0,0.0,0.0,0.0,0.0,0.0,0.0,0.0,0.0,0.0,0.0,25.0,0.0,0.0,0.0,0.0,25.0,0.0,0.0,0.0,0.0,0.0,0.0,0.0,0.0,0.0,0.0,0.0,0.0,0.0,0.0,0.0,0.0,0.0,0.0,0.0,25.0,0.0,0.0,25.0,0.0,0.0,0.0,0.0,0.0,0.0,0.0,0.0,0.0,0.0,0.0,0.0,25.0,0.0,0.0,0.0,0.0,0.0,25.0,0.0,0.0,0.0,0.0,0.0
testAuthor,"[{'e': 'text', 't': 'Test Flair'}]",testFullname,test flair,reddit post body text,1643219666,,7624894696,False,4265234460,4265234460,1,False,,,0.8831064,4,38.6,1.0,74.76,1.0,4.0,0.0,75.0,25.0,25.0,0.0,0.0,0.0,0.0,0.0,0.0,25.0,0.0,0.0,0.0,0.0,0.0,0.0,0.0,0.0,0.0,0.0,0.0,0.0,25.0,0.0,25.0,0.0,25.0,0.0,0.0,0.0,0.0,0.0,0.0,0.0,0.0,0.0,0.0,0.0,0.0,0.0,0.0,0.0,0.0,0.0,25.0,25.0,0.0,0.0,0.0,0.0,0.0,0.0,0.0,0.0,0.0,0.0,0.0,0.0,25.0,25.0,0.0,0.0,0.0,0.0,0.0,0.0,0.0,0.0,25.0,25.0,0.0,0.0,0.0,0.0,0.0,0.0,0.0,0.0,0.0,0.0,0.0,0.0,0.0,0.0,0.0,0.0
testAuthor,"[{'e': 'text', 't': 'Test Flair'}]",testFullname,test flair,reddit post body text,1643219608,,7302307565,False,4265234460,4265234460,1,False,,,0.045778666,16,1.92,10.58,74.76,99.0,16.0,6.25,93.75,68.75,25.0,12.5,12.5,0.0,0.0,0.0,0.0,12.5,6.25,6.25,18.75,12.5,6.25,0.0,18.75,6.25,6.25,0.0,0.0,0.0,6.25,6.25,0.0,0.0,0.0,0.0,0.0,0.0,0.0,0.0,0.0,6.25,0.0,0.0,6.25,6.25,0.0,0.0,6.25,6.25,0.0,0.0,0.0,0.0,0.0,0.0,0.0,0.0,0.0,0.0,0.0,0.0,0.0,0.0,25.0,12.5,18.75,0.0,6.25,12.5,0.0,6.25,0.0,0.0,0.0,0.0,0.0,0.0,0.0,0.0,0.0,0.0,0.0,0.0,0.0,0.0,0.0,0.0,0.0,0.0,0.0,0.0,0.0,0.0
testAuthor,"[{'e': 'text', 't': 'Test Flair'}]",testFullname,test flair,reddit post body text,1643219604,,4481826394,False,4265234460,4265234460,1,False,,,0.44428605,53,71.0,17.27,48.36,5.57,17.67,13.21,90.57,60.38,9.43,3.77,3.77,0.0,0.0,0.0,0.0,5.66,5.66,20.75,15.09,7.55,7.55,0.0,26.42,0.0,1.89,1.89,3.77,5.66,1.89,0.0,1.89,0.0,1.89,0.0,0.0,0.0,0.0,0.0,0.0,15.09,1.89,1.89,5.66,7.55,0.0,3.77,3.77,3.77,0.0,0.0,1.89,1.89,0.0,0.0,0.0,5.66,0.0,0.0,3.77,1.89,0.0,0.0,18.87,5.66,16.98,3.77,9.43,3.77,0.0,1.89,0.0,0.0,0.0,0.0,1.89,1.89,0.0,0.0,0.0,0.0,11.32,3.77,1.89,0.0,0.0,1.89,0.0,0.0,0.0,3.77,0.0,0.0
testAuthor,"[{'e': 'text', 't': 'Test Flair'}]",testFullname,test flair,reddit post body text,1643219563,,305958077,False,4265234460,4265234460,1,False,,,0.019019997,7,29.3,50.0,1.0,25.77,7.0,28.57,71.43,42.86,0.0,0.0,0.0,0.0,0.0,0.0,0.0,0.0,14.29,0.0,0.0,28.57,14.29,0.0,14.29,0.0,0.0,0.0,0.0,0.0,0.0,0.0,0.0,0.0,0.0,0.0,0.0,0.0,0.0,0.0,0.0,0.0,0.0,0.0,0.0,0.0,0.0,0.0,0.0,0.0,0.0,0.0,0.0,0.0,0.0,0.0,0.0,14.29,0.0,0.0,0.0,14.29,0.0,0.0,14.29,0.0,0.0,0.0,0.0,0.0,0.0,0.0,0.0,0.0,0.0,0.0,14.29,0.0,14.29,0.0,0.0,0.0,71.43,57.14,0.0,0.0,0.0,0.0,0.0,0.0,0.0,0.0,0.0,14.29
testAuthor,"[{'e': 'text', 't': 'Test Flair'}]",testFullname,test flair,reddit post body text,1643219493,,5239803988,False,4265234460,4265234460,1,False,,,0.2995453,1,93.26,50.0,1.0,25.77,1.0,100.0,0.0,0.0,0.0,0.0,0.0,0.0,0.0,0.0,0.0,0.0,0.0,0.0,0.0,0.0,0.0,0.0,0.0,0.0,0.0,0.0,0.0,0.0,0.0,0.0,0.0,0.0,0.0,0.0,0.0,0.0,0.0,0.0,0.0,0.0,0.0,0.0,0.0,0.0,0.0,0.0,0.0,0.0,0.0,0.0,0.0,0.0,0.0,0.0,0.0,0.0,0.0,0.0,0.0,0.0,0.0,0.0,0.0,0.0,0.0,0.0,0.0,0.0,0.0,0.0,0.0,0.0,0.0,0.0,0.0,0.0,0.0,0.0,0.0,0.0,100.0,0.0,0.0,0.0,0.0,0.0,0.0,0.0,0.0,0.0,0.0,100.0
testAuthor,"[{'e': 'text', 't': 'Test Flair'}]",testFullname,test flair,reddit post body text,1643217236,,2599987962,False,3094741771,3094741771,1,False,,,0.011870144,63,94.61,78.64,2.82,1.0,63.0,36.51,50.79,12.7,1.59,0.0,0.0,0.0,0.0,0.0,0.0,1.59,1.59,6.35,3.17,1.59,0.0,0.0,4.76,0.0,0.0,0.0,1.59,0.0,4.76,0.0,4.76,0.0,1.59,0.0,7.94,0.0,0.0,0.0,0.0,0.0,0.0,0.0,0.0,0.0,0.0,0.0,1.59,0.0,1.59,0.0,0.0,0.0,0.0,0.0,0.0,6.35,3.17,0.0,3.17,0.0,0.0,1.59,1.59,0.0,9.52,0.0,3.17,6.35,0.0,4.76,0.0,0.0,0.0,0.0,9.52,0.0,9.52,0.0,0.0,0.0,61.9,6.35,3.17,0.0,0.0,0.0,0.0,0.0,0.0,0.0,6.35,46.03
testAuthor,"[{'e': 'text', 't': 'Test Flair'}]",testFullname,test flair,reddit post body text,1643217165,,9204600296,False,1711797453,3094741771,1,False,,,0.082104236,15,8.69,74.76,1.0,25.77,15.0,13.33,93.33,60.0,13.33,6.67,0.0,0.0,0.0,0.0,6.67,6.67,6.67,6.67,13.33,20.0,6.67,0.0,20.0,0.0,0.0,0.0,0.0,6.67,13.33,6.67,6.67,6.67,0.0,0.0,13.33,0.0,0.0,0.0,0.0,33.33,0.0,6.67,6.67,20.0,6.67,6.67,0.0,0.0,0.0,0.0,0.0,0.0,0.0,0.0,0.0,6.67,0.0,0.0,0.0,0.0,6.67,0.0,13.33,6.67,0.0,0.0,0.0,0.0,0.0,0.0,0.0,0.0,0.0,0.0,6.67,0.0,0.0,6.67,0.0,0.0,13.33,0.0,6.67,0.0,0.0,0.0,0.0,0.0,0.0,6.67,0.0,0.0
testAuthor,"[{'e': 'text', 't': 'Test Flair'}]",testFullname,test flair,reddit post body text,1643217082,,1620548392,False,3094741771,3094741771,1,False,,,0.1580154,5,1.0,2.31,43.37,25.77,2.5,0.0,100.0,40.0,0.0,0.0,0.0,0.0,0.0,0.0,0.0,0.0,0.0,0.0,20.0,20.0,0.0,20.0,40.0,0.0,0.0,0.0,0.0,0.0,40.0,20.0,20.0,0.0,0.0,0.0,0.0,0.0,0.0,0.0,0.0,0.0,0.0,0.0,0.0,0.0,0.0,0.0,0.0,0.0,0.0,0.0,0.0,0.0,0.0,0.0,0.0,0.0,0.0,0.0,0.0,0.0,0.0,0.0,40.0,0.0,20.0,20.0,0.0,0.0,0.0,0.0,0.0,0.0,0.0,0.0,20.0,0.0,0.0,0.0,20.0,0.0,60.0,40.0,0.0,0.0,0.0,0.0,0.0,0.0,0.0,20.0,0.0,0.0
testAuthor,"[{'e': 'text', 't': 'Test Flair'}]",testFullname,test flair,reddit post body text,1643216946,,5419362202,False,9584213508,3094741771,1,False,,,0.7060645,38,95.37,94.27,1.0,1.0,12.67,31.58,68.42,47.37,7.89,7.89,0.0,0.0,2.63,0.0,5.26,0.0,13.16,13.16,5.26,2.63,7.89,0.0,10.53,0.0,0.0,0.0,0.0,2.63,7.89,0.0,7.89,0.0,5.26,0.0,13.16,0.0,0.0,0.0,0.0,2.63,0.0,0.0,2.63,0.0,0.0,0.0,0.0,0.0,0.0,0.0,0.0,0.0,0.0,0.0,0.0,2.63,0.0,0.0,2.63,0.0,0.0,0.0,10.53,0.0,7.89,5.26,2.63,0.0,2.63,0.0,0.0,0.0,0.0,0.0,0.0,0.0,0.0,0.0,0.0,0.0,10.53,7.89,0.0,0.0,0.0,0.0,0.0,0.0,0.0,2.63,0.0,0.0
testAuthor,"[{'e': 'text', 't': 'Test Flair'}]",testFullname,test flair,reddit post body text,1643216779,,7235849628,False,3094741771,3094741771,1,False,,,0.023632111,24,98.14,33.83,1.79,92.4,24.0,12.5,70.83,41.67,4.17,0.0,0.0,0.0,0.0,0.0,0.0,4.17,8.33,16.67,4.17,0.0,4.17,4.17,4.17,0.0,0.0,0.0,4.17,4.17,4.17,4.17,0.0,0.0,0.0,0.0,0.0,0.0,0.0,0.0,0.0,4.17,0.0,0.0,0.0,4.17,0.0,0.0,0.0,0.0,0.0,0.0,0.0,0.0,0.0,0.0,0.0,8.33,0.0,0.0,8.33,0.0,0.0,0.0,8.33,0.0,8.33,0.0,8.33,0.0,4.17,4.17,0.0,8.33,0.0,0.0,0.0,0.0,0.0,0.0,0.0,0.0,8.33,4.17,0.0,0.0,0.0,0.0,0.0,0.0,0.0,0.0,0.0,4.17
testAuthor,"[{'e': 'text', 't': 'Test Flair'}]",testFullname,test flair,reddit post body text,1643216770,,4938790169,False,1711797453,3094741771,1,False,,,0.0253489,7,29.3,1.0,89.63,25.77,7.0,28.57,85.71,57.14,14.29,0.0,0.0,0.0,0.0,0.0,0.0,14.29,0.0,14.29,14.29,0.0,0.0,14.29,28.57,14.29,14.29,0.0,0.0,14.29,0.0,0.0,0.0,0.0,0.0,0.0,0.0,0.0,0.0,0.0,0.0,28.57,0.0,0.0,0.0,0.0,14.29,14.29,0.0,0.0,0.0,0.0,0.0,0.0,0.0,0.0,0.0,0.0,0.0,0.0,0.0,0.0,0.0,0.0,14.29,14.29,14.29,14.29,0.0,0.0,0.0,0.0,0.0,0.0,0.0,0.0,0.0,0.0,0.0,0.0,0.0,0.0,0.0,0.0,0.0,0.0,0.0,0.0,0.0,0.0,0.0,0.0,0.0,0.0
testAuthor,"[{'e': 'text', 't': 'Test Flair'}]",testFullname,test flair,reddit post body text,1643216638,,7154149989,False,3094741771,3094741771,1,False,,,0.8457076,18,10.01,71.09,23.51,25.77,18.0,5.56,88.89,61.11,22.22,11.11,0.0,0.0,0.0,0.0,11.11,11.11,5.56,16.67,5.56,16.67,11.11,5.56,16.67,5.56,0.0,0.0,0.0,0.0,11.11,5.56,5.56,0.0,5.56,0.0,16.67,0.0,0.0,0.0,0.0,5.56,0.0,0.0,0.0,5.56,0.0,5.56,5.56,0.0,5.56,0.0,0.0,0.0,0.0,0.0,0.0,5.56,0.0,0.0,0.0,0.0,5.56,0.0,16.67,0.0,11.11,0.0,5.56,5.56,0.0,0.0,0.0,0.0,0.0,0.0,0.0,0.0,0.0,0.0,0.0,0.0,16.67,5.56,0.0,0.0,0.0,0.0,0.0,0.0,0.0,0.0,0.0,11.11
testAuthor,"[{'e': 'text', 't': 'Test Flair'}]",testFullname,test flair,reddit post body text,1643216522,,9876703642,True,3094741771,3094741771,1,False,,,0.011384231,50,99.0,65.56,56.63,63.69,16.67,12.0,66.0,46.0,6.0,4.0,0.0,0.0,4.0,0.0,0.0,2.0,10.0,20.0,2.0,4.0,6.0,0.0,6.0,0.0,0.0,0.0,8.0,2.0,2.0,2.0,0.0,0.0,0.0,0.0,2.0,0.0,0.0,0.0,0.0,8.0,2.0,0.0,0.0,6.0,2.0,2.0,0.0,0.0,0.0,0.0,0.0,0.0,0.0,0.0,0.0,2.0,0.0,2.0,0.0,0.0,0.0,0.0,6.0,2.0,18.0,0.0,14.0,4.0,0.0,0.0,0.0,0.0,0.0,0.0,4.0,0.0,4.0,0.0,0.0,0.0,42.0,8.0,4.0,2.0,0.0,0.0,0.0,8.0,0.0,2.0,4.0,14.0
testAuthor,"[{'e': 'text', 't': 'Test Flair'}]",testFullname,test flair,reddit post body text,1643201902,,561187804,False,8524631016,8524631016,1,False,,,0.011870144,63,94.61,78.64,2.82,1.0,63.0,36.51,50.79,12.7,1.59,0.0,0.0,0.0,0.0,0.0,0.0,1.59,1.59,6.35,3.17,1.59,0.0,0.0,4.76,0.0,0.0,0.0,1.59,0.0,4.76,0.0,4.76,0.0,1.59,0.0,7.94,0.0,0.0,0.0,0.0,0.0,0.0,0.0,0.0,0.0,0.0,0.0,1.59,0.0,1.59,0.0,0.0,0.0,0.0,0.0,0.0,6.35,3.17,0.0,3.17,0.0,0.0,1.59,1.59,0.0,9.52,0.0,3.17,6.35,0.0,4.76,0.0,0.0,0.0,0.0,9.52,0.0,9.52,0.0,0.0,0.0,61.9,6.35,3.17,0.0,0.0,0.0,0.0,0.0,0.0,0.0,6.35,46.03
testAuthor,"[{'e': 'text', 't': 'Test Flair'}]",testFullname,test flair,reddit post body text,1643201889,,979434354,False,8524631016,8524631016,1,False,,,0.040628307,1,93.26,50.0,99.0,25.77,1.0,100.0,100.0,0.0,0.0,0.0,0.0,0.0,0.0,0.0,0.0,0.0,0.0,0.0,0.0,0.0,0.0,0.0,0.0,0.0,0.0,0.0,0.0,0.0,0.0,0.0,0.0,0.0,0.0,0.0,0.0,0.0,0.0,0.0,0.0,0.0,0.0,0.0,0.0,0.0,0.0,0.0,0.0,0.0,0.0,0.0,0.0,0.0,0.0,0.0,0.0,0.0,0.0,0.0,0.0,0.0,0.0,0.0,0.0,0.0,100.0,100.0,0.0,0.0,0.0,0.0,0.0,0.0,0.0,0.0,0.0,0.0,0.0,0.0,0.0,0.0,200.0,0.0,0.0,0.0,0.0,0.0,0.0,0.0,0.0,0.0,0.0,200.0
testAuthor,"[{'e': 'text', 't': 'Test Flair'}]",testFullname,test flair,reddit post body text,1643201787,,2804467569,False,2843661317,8524631016,1,False,,,0.15159425,4,38.6,1.0,74.76,25.77,2.0,25.0,75.0,25.0,25.0,25.0,25.0,0.0,0.0,0.0,0.0,0.0,0.0,0.0,0.0,0.0,0.0,0.0,0.0,0.0,0.0,0.0,0.0,0.0,0.0,0.0,0.0,0.0,0.0,0.0,0.0,0.0,0.0,0.0,0.0,25.0,25.0,0.0,25.0,0.0,0.0,0.0,0.0,0.0,0.0,0.0,0.0,0.0,0.0,0.0,0.0,0.0,0.0,0.0,0.0,0.0,0.0,0.0,0.0,0.0,0.0,0.0,0.0,0.0,0.0,0.0,0.0,0.0,0.0,0.0,25.0,0.0,25.0,0.0,0.0,0.0,25.0,25.0,0.0,0.0,0.0,0.0,0.0,0.0,0.0,0.0,0.0,0.0
testAuthor,"[{'e': 'text', 't': 'Test Flair'}]",testFullname,test flair,reddit post body text,1643201753,,9535614866,False,9125736277,8524631016,1,False,,,0.38567963,33,66.08,72.77,1.0,1.0,16.5,27.27,78.79,51.52,12.12,3.03,0.0,0.0,0.0,0.0,3.03,9.09,12.12,12.12,12.12,6.06,6.06,3.03,21.21,3.03,3.03,3.03,0.0,3.03,18.18,6.06,12.12,0.0,9.09,0.0,12.12,0.0,0.0,0.0,0.0,6.06,0.0,3.03,0.0,0.0,0.0,3.03,3.03,3.03,0.0,0.0,0.0,0.0,0.0,0.0,0.0,3.03,0.0,0.0,0.0,0.0,3.03,0.0,18.18,0.0,0.0,0.0,0.0,0.0,0.0,0.0,0.0,0.0,0.0,0.0,0.0,0.0,0.0,0.0,0.0,0.0,36.36,6.06,0.0,0.0,0.0,0.0,9.09,0.0,12.12,9.09,0.0,0.0
testAuthor,"[{'e': 'text', 't': 'Test Flair'}]",testFullname,test flair,reddit post body text,1643201666,,4783220922,False,8524631016,8524631016,1,False,,,0.5049312,17,1.15,72.17,1.0,99.0,17.0,29.41,70.59,47.06,11.76,11.76,0.0,11.76,0.0,0.0,0.0,0.0,5.88,0.0,11.76,5.88,11.76,17.65,23.53,5.88,0.0,0.0,0.0,0.0,11.76,11.76,0.0,0.0,0.0,0.0,11.76,0.0,0.0,0.0,0.0,0.0,0.0,0.0,0.0,0.0,0.0,0.0,5.88,5.88,0.0,0.0,0.0,0.0,0.0,0.0,0.0,11.76,11.76,0.0,0.0,0.0,0.0,0.0,23.53,0.0,0.0,0.0,0.0,0.0,0.0,5.88,0.0,0.0,0.0,0.0,0.0,0.0,0.0,0.0,0.0,0.0,23.53,5.88,5.88,0.0,0.0,0.0,0.0,0.0,0.0,11.76,0.0,0.0
testAuthor,"[{'e': 'text', 't': 'Test Flair'}]",testFullname,test flair,reddit post body text,1643201630,,9334113351,False,8524631016,8524631016,1,False,,,0.83020335,5,93.26,2.31,1.0,1.0,5.0,40.0,80.0,40.0,0.0,0.0,0.0,0.0,0.0,0.0,0.0,0.0,20.0,0.0,0.0,20.0,0.0,0.0,20.0,20.0,0.0,0.0,0.0,0.0,20.0,0.0,20.0,0.0,20.0,0.0,0.0,0.0,0.0,0.0,0.0,0.0,0.0,0.0,0.0,0.0,0.0,0.0,0.0,0.0,0.0,0.0,20.0,0.0,0.0,20.0,0.0,20.0,0.0,0.0,0.0,20.0,0.0,0.0,20.0,0.0,0.0,0.0,0.0,0.0,0.0,0.0,0.0,0.0,0.0,0.0,20.0,20.0,0.0,0.0,0.0,0.0,0.0,0.0,0.0,0.0,0.0,0.0,0.0,0.0,0.0,0.0,0.0,0.0
testAuthor,"[{'e': 'text', 't': 'Test Flair'}]",testFullname,test flair,reddit post body text,1643201564,,5280315832,False,9125736277,8524631016,1,False,,,0.013605545,5,8.69,50.0,1.0,25.77,5.0,0.0,80.0,80.0,20.0,0.0,0.0,0.0,0.0,0.0,0.0,20.0,20.0,0.0,40.0,0.0,0.0,0.0,40.0,0.0,0.0,0.0,0.0,0.0,0.0,0.0,0.0,0.0,0.0,0.0,0.0,0.0,0.0,0.0,0.0,20.0,0.0,0.0,20.0,0.0,20.0,0.0,0.0,0.0,0.0,0.0,0.0,0.0,0.0,0.0,0.0,0.0,0.0,0.0,0.0,0.0,0.0,0.0,20.0,0.0,0.0,0.0,0.0,0.0,0.0,0.0,0.0,0.0,0.0,0.0,0.0,0.0,0.0,0.0,0.0,0.0,20.0,20.0,0.0,0.0,0.0,0.0,0.0,0.0,0.0,0.0,0.0,0.0
testAuthor,"[{'e': 'text', 't': 'Test Flair'}]",testFullname,test flair,reddit post body text,1643201535,,5418515410,True,7369897596,8524631016,1,False,,,0.9017833,15,1.0,90.87,1.0,99.0,15.0,13.33,93.33,73.33,20.0,20.0,0.0,6.67,13.33,0.0,0.0,0.0,6.67,0.0,20.0,13.33,6.67,6.67,26.67,0.0,0.0,0.0,0.0,0.0,26.67,20.0,6.67,0.0,6.67,0.0,20.0,0.0,0.0,0.0,0.0,20.0,0.0,0.0,13.33,6.67,6.67,13.33,0.0,0.0,0.0,0.0,0.0,0.0,0.0,0.0,0.0,6.67,6.67,0.0,0.0,0.0,0.0,0.0,20.0,0.0,0.0,0.0,0.0,0.0,0.0,0.0,0.0,0.0,0.0,0.0,13.33,6.67,0.0,0.0,6.67,0.0,0.0,0.0,0.0,0.0,0.0,0.0,0.0,0.0,0.0,0.0,0.0,0.0
testAuthor,"[{'e': 'text', 't': 'Test Flair'}]",testFullname,test flair,reddit post body text,1643201511,,4791002477,False,8524631016,8524631016,1,False,,,ERROR - 400,1,93.26,50.0,1.0,99.0,1.0,100.0,100.0,0.0,0.0,0.0,0.0,0.0,0.0,0.0,0.0,0.0,0.0,0.0,0.0,0.0,0.0,0.0,0.0,0.0,0.0,0.0,0.0,0.0,100.0,100.0,0.0,0.0,0.0,0.0,0.0,0.0,0.0,0.0,0.0,0.0,0.0,0.0,0.0,0.0,0.0,0.0,0.0,0.0,0.0,0.0,0.0,0.0,0.0,0.0,0.0,0.0,0.0,0.0,0.0,0.0,0.0,0.0,0.0,0.0,0.0,0.0,0.0,0.0,0.0,0.0,0.0,0.0,0.0,0.0,100.0,0.0,100.0,0.0,0.0,0.0,0.0,0.0,0.0,0.0,0.0,0.0,0.0,0.0,0.0,0.0,0.0,0.0
testAuthor,"[{'e': 'text', 't': 'Test Flair'}]",testFullname,test flair,reddit post body text,1643201510,,465410711,False,8524631016,8524631016,1,False,,,0.2008281,3,18.82,50.0,1.0,25.77,3.0,0.0,33.33,33.33,33.33,0.0,0.0,0.0,0.0,0.0,0.0,33.33,0.0,0.0,0.0,0.0,0.0,0.0,0.0,0.0,0.0,0.0,0.0,0.0,0.0,0.0,0.0,0.0,0.0,0.0,0.0,0.0,0.0,0.0,0.0,0.0,0.0,0.0,0.0,0.0,0.0,0.0,0.0,0.0,0.0,0.0,0.0,0.0,0.0,0.0,0.0,0.0,0.0,0.0,0.0,0.0,0.0,0.0,0.0,0.0,0.0,0.0,0.0,0.0,0.0,0.0,0.0,0.0,0.0,0.0,0.0,0.0,0.0,0.0,0.0,0.0,33.33,33.33,0.0,0.0,0.0,0.0,0.0,0.0,0.0,0.0,0.0,0.0
testAuthor,"[{'e': 'text', 't': 'Test Flair'}]",testFullname,test flair,reddit post body text,1643201509,,612736952,False,8524631016,8524631016,1,False,,,0.040628307,1,93.26,50.0,99.0,25.77,1.0,100.0,100.0,0.0,0.0,0.0,0.0,0.0,0.0,0.0,0.0,0.0,0.0,0.0,0.0,0.0,0.0,0.0,0.0,0.0,0.0,0.0,0.0,0.0,0.0,0.0,0.0,0.0,0.0,0.0,0.0,0.0,0.0,0.0,0.0,0.0,0.0,0.0,0.0,0.0,0.0,0.0,0.0,0.0,0.0,0.0,0.0,0.0,0.0,0.0,0.0,0.0,0.0,0.0,0.0,0.0,0.0,0.0,0.0,0.0,100.0,100.0,0.0,0.0,0.0,0.0,0.0,0.0,0.0,0.0,0.0,0.0,0.0,0.0,0.0,0.0,200.0,0.0,0.0,0.0,0.0,0.0,0.0,0.0,0.0,0.0,0.0,200.0
testAuthor,"[{'e': 'text', 't': 'Test Flair'}]",testFullname,test flair,reddit post body text,1643201497,,2299154024,False,8524631016,8524631016,1,False,,,0.014993866,3,1.0,50.0,1.0,25.77,3.0,0.0,100.0,100.0,33.33,33.33,0.0,33.33,0.0,0.0,0.0,0.0,0.0,0.0,33.33,0.0,0.0,66.67,33.33,0.0,0.0,0.0,0.0,0.0,0.0,0.0,0.0,0.0,0.0,0.0,33.33,0.0,0.0,0.0,0.0,0.0,0.0,0.0,0.0,0.0,0.0,0.0,0.0,0.0,0.0,0.0,0.0,0.0,0.0,0.0,0.0,33.33,33.33,0.0,0.0,0.0,0.0,0.0,33.33,0.0,0.0,0.0,0.0,0.0,0.0,0.0,0.0,0.0,0.0,0.0,0.0,0.0,0.0,0.0,0.0,0.0,33.33,0.0,0.0,0.0,0.0,0.0,0.0,0.0,0.0,33.33,0.0,0.0
testAuthor,"[{'e': 'text', 't': 'Test Flair'}]",testFullname,test flair,reddit post body text,1643147455,,5831624013,False,539488994,539488994,1,False,,,0.011870144,63,94.61,78.64,2.82,1.0,63.0,36.51,50.79,12.7,1.59,0.0,0.0,0.0,0.0,0.0,0.0,1.59,1.59,6.35,3.17,1.59,0.0,0.0,4.76,0.0,0.0,0.0,1.59,0.0,4.76,0.0,4.76,0.0,1.59,0.0,7.94,0.0,0.0,0.0,0.0,0.0,0.0,0.0,0.0,0.0,0.0,0.0,1.59,0.0,1.59,0.0,0.0,0.0,0.0,0.0,0.0,6.35,3.17,0.0,3.17,0.0,0.0,1.59,1.59,0.0,9.52,0.0,3.17,6.35,0.0,4.76,0.0,0.0,0.0,0.0,9.52,0.0,9.52,0.0,0.0,0.0,61.9,6.35,3.17,0.0,0.0,0.0,0.0,0.0,0.0,0.0,6.35,46.03
testAuthor,"[{'e': 'text', 't': 'Test Flair'}]",testFullname,test flair,reddit post body text,1643147394,,4309603966,False,6333245969,539488994,1,False,,,0.02262963,43,63.06,24.26,77.74,25.77,14.33,0.0,86.05,58.14,9.3,4.65,0.0,0.0,2.33,0.0,2.33,4.65,11.63,11.63,9.3,9.3,6.98,4.65,16.28,0.0,0.0,4.65,2.33,4.65,0.0,0.0,0.0,0.0,0.0,0.0,4.65,0.0,0.0,0.0,0.0,13.95,0.0,2.33,2.33,2.33,2.33,9.3,2.33,2.33,0.0,0.0,9.3,2.33,0.0,0.0,6.98,4.65,0.0,0.0,2.33,2.33,0.0,6.98,9.3,0.0,18.6,2.33,6.98,9.3,0.0,0.0,0.0,0.0,0.0,0.0,0.0,0.0,0.0,0.0,0.0,0.0,9.3,2.33,0.0,0.0,0.0,2.33,0.0,0.0,0.0,4.65,0.0,0.0
testAuthor,"[{'e': 'text', 't': 'Test Flair'}]",testFullname,test flair,reddit post body text,1643147242,,2882511513,False,6701493949,539488994,1,False,,,0.20669603,26,33.48,35.01,63.54,89.84,8.67,19.23,80.77,50.0,15.38,7.69,7.69,0.0,0.0,0.0,0.0,7.69,0.0,15.38,15.38,3.85,3.85,3.85,23.08,0.0,0.0,3.85,0.0,0.0,11.54,7.69,3.85,0.0,3.85,0.0,7.69,0.0,0.0,0.0,0.0,0.0,0.0,0.0,0.0,0.0,0.0,0.0,0.0,0.0,0.0,0.0,0.0,0.0,0.0,0.0,0.0,0.0,0.0,0.0,0.0,0.0,0.0,3.85,11.54,3.85,15.38,7.69,7.69,3.85,0.0,0.0,0.0,7.69,0.0,0.0,3.85,0.0,0.0,3.85,0.0,0.0,61.54,0.0,0.0,15.38,0.0,0.0,11.54,0.0,23.08,11.54,0.0,0.0
testAuthor,"[{'e': 'text', 't': 'Test Flair'}]",testFullname,test flair,reddit post body text,1643147207,,9672760603,False,539488994,539488994,1,False,,,0.018187003,15,52.71,74.76,1.0,25.77,15.0,26.67,73.33,60.0,6.67,6.67,0.0,6.67,0.0,0.0,0.0,0.0,13.33,6.67,20.0,6.67,6.67,0.0,20.0,0.0,0.0,6.67,0.0,6.67,0.0,0.0,0.0,0.0,0.0,0.0,6.67,0.0,0.0,0.0,0.0,13.33,0.0,6.67,6.67,6.67,0.0,6.67,0.0,0.0,0.0,0.0,0.0,0.0,0.0,0.0,0.0,13.33,6.67,0.0,0.0,0.0,6.67,0.0,13.33,0.0,0.0,0.0,0.0,0.0,0.0,0.0,0.0,0.0,0.0,0.0,0.0,0.0,0.0,0.0,0.0,0.0,13.33,0.0,6.67,0.0,0.0,6.67,0.0,0.0,0.0,0.0,0.0,0.0
testAuthor,"[{'e': 'text', 't': 'Test Flair'}]",testFullname,test flair,reddit post body text,1643147129,,4330118903,False,6701493949,539488994,1,False,,,0.08330294,221,89.2,67.45,7.17,94.64,44.2,35.29,66.06,33.03,4.52,2.26,0.0,0.45,0.45,0.0,1.36,2.26,3.62,11.76,5.88,3.17,5.43,0.0,9.5,4.52,0.9,0.9,0.9,1.81,7.24,5.88,1.36,0.0,0.45,0.45,6.33,0.0,0.0,0.0,0.45,11.76,1.81,3.62,2.26,2.26,0.9,2.71,1.81,0.45,0.0,0.9,0.9,0.0,0.45,0.45,0.0,5.43,1.81,0.0,3.17,0.45,0.0,1.36,5.43,0.0,9.95,0.45,7.69,1.81,9.05,1.81,0.0,0.45,0.45,0.0,2.26,0.0,1.81,0.0,0.45,0.0,36.65,9.95,4.52,0.0,0.0,0.0,0.0,0.45,5.43,0.0,1.81,14.48
testAuthor,"[{'e': 'text', 't': 'Test Flair'}]",testFullname,test flair,reddit post body text,1643147092,,2727205990,False,539488994,539488994,1,False,,,0.013050216,2,93.26,50.0,1.0,25.77,2.0,100.0,0.0,0.0,0.0,0.0,0.0,0.0,0.0,0.0,0.0,0.0,0.0,0.0,0.0,0.0,0.0,0.0,0.0,0.0,0.0,0.0,0.0,0.0,0.0,0.0,0.0,0.0,0.0,0.0,0.0,0.0,0.0,0.0,0.0,0.0,0.0,0.0,0.0,0.0,0.0,0.0,0.0,0.0,0.0,0.0,0.0,0.0,0.0,0.0,0.0,0.0,0.0,0.0,0.0,0.0,0.0,0.0,0.0,0.0,0.0,0.0,0.0,0.0,0.0,0.0,0.0,0.0,0.0,0.0,0.0,0.0,0.0,0.0,0.0,0.0,0.0,0.0,0.0,0.0,0.0,0.0,0.0,0.0,0.0,0.0,0.0,0.0
testAuthor,"[{'e': 'text', 't': 'Test Flair'}]",testFullname,test flair,reddit post body text,1643147028,,2208993301,False,6701493949,539488994,1,False,,,0.040628307,1,93.26,50.0,99.0,25.77,1.0,100.0,100.0,0.0,0.0,0.0,0.0,0.0,0.0,0.0,0.0,0.0,0.0,0.0,0.0,0.0,0.0,0.0,0.0,0.0,0.0,0.0,0.0,0.0,0.0,0.0,0.0,0.0,0.0,0.0,0.0,0.0,0.0,0.0,0.0,0.0,0.0,0.0,0.0,0.0,0.0,0.0,0.0,0.0,0.0,0.0,0.0,0.0,0.0,0.0,0.0,0.0,0.0,0.0,0.0,0.0,0.0,0.0,0.0,0.0,100.0,100.0,0.0,0.0,0.0,0.0,0.0,0.0,0.0,0.0,0.0,0.0,0.0,0.0,0.0,0.0,200.0,0.0,0.0,0.0,0.0,0.0,0.0,0.0,0.0,0.0,0.0,200.0
testAuthor,"[{'e': 'text', 't': 'Test Flair'}]",testFullname,test flair,reddit post body text,1643146976,,9974429085,False,539488994,539488994,1,False,,,0.7464593,3,99.0,99.0,1.0,1.0,3.0,33.33,66.67,33.33,0.0,0.0,0.0,0.0,0.0,0.0,0.0,0.0,0.0,33.33,0.0,0.0,0.0,0.0,0.0,0.0,0.0,0.0,0.0,0.0,33.33,0.0,33.33,0.0,0.0,0.0,33.33,0.0,0.0,0.0,0.0,0.0,0.0,0.0,0.0,0.0,0.0,0.0,0.0,0.0,0.0,0.0,0.0,0.0,0.0,0.0,0.0,0.0,0.0,0.0,0.0,0.0,0.0,0.0,0.0,0.0,0.0,0.0,0.0,0.0,0.0,0.0,0.0,0.0,0.0,0.0,0.0,0.0,0.0,0.0,0.0,0.0,33.33,33.33,0.0,0.0,0.0,0.0,0.0,0.0,0.0,0.0,0.0,0.0
testAuthor,"[{'e': 'text', 't': 'Test Flair'}]",testFullname,test flair,reddit post body text,1643146835,,6447676470,False,539488994,539488994,1,False,,,0.037194733,4,99.0,50.0,99.0,25.77,4.0,0.0,75.0,75.0,0.0,0.0,0.0,0.0,0.0,0.0,0.0,0.0,25.0,50.0,0.0,0.0,0.0,0.0,0.0,25.0,25.0,0.0,0.0,0.0,0.0,0.0,0.0,0.0,0.0,0.0,0.0,0.0,0.0,0.0,0.0,0.0,0.0,0.0,0.0,0.0,0.0,0.0,0.0,0.0,0.0,0.0,0.0,0.0,0.0,0.0,0.0,0.0,0.0,0.0,0.0,0.0,0.0,0.0,0.0,0.0,50.0,0.0,25.0,25.0,0.0,0.0,0.0,0.0,0.0,0.0,0.0,0.0,0.0,0.0,0.0,0.0,0.0,0.0,0.0,0.0,0.0,0.0,0.0,0.0,0.0,0.0,0.0,0.0
testAuthor,"[{'e': 'text', 't': 'Test Flair'}]",testFullname,test flair,reddit post body text,1643146706,,2431078591,False,6701493949,539488994,1,False,,,0.011314815,4,93.26,99.0,74.76,99.0,4.0,25.0,100.0,50.0,25.0,25.0,0.0,0.0,25.0,0.0,0.0,0.0,0.0,25.0,0.0,0.0,0.0,0.0,25.0,0.0,0.0,0.0,0.0,0.0,25.0,25.0,0.0,0.0,0.0,0.0,25.0,0.0,0.0,0.0,0.0,0.0,0.0,0.0,0.0,0.0,0.0,0.0,0.0,0.0,0.0,0.0,0.0,0.0,0.0,0.0,0.0,0.0,0.0,0.0,0.0,0.0,0.0,0.0,25.0,0.0,25.0,25.0,0.0,0.0,0.0,0.0,0.0,0.0,0.0,0.0,0.0,0.0,0.0,0.0,0.0,0.0,25.0,25.0,0.0,0.0,0.0,0.0,0.0,0.0,0.0,0.0,0.0,0.0
testAuthor,"[{'e': 'text', 't': 'Test Flair'}]",testFullname,test flair,reddit post body text,1643146625,,436220936,False,539488994,539488994,1,False,,,0.68288773,51,18.82,65.27,66.34,1.0,17.0,13.73,90.2,52.94,19.61,15.69,7.84,0.0,3.92,0.0,3.92,3.92,3.92,9.8,5.88,9.8,11.76,0.0,13.73,3.92,0.0,3.92,0.0,3.92,7.84,1.96,5.88,0.0,5.88,0.0,15.69,0.0,1.96,0.0,1.96,11.76,1.96,1.96,3.92,3.92,0.0,3.92,0.0,0.0,0.0,0.0,3.92,1.96,1.96,0.0,0.0,3.92,3.92,0.0,0.0,0.0,0.0,3.92,7.84,1.96,13.73,0.0,7.84,5.88,1.96,3.92,0.0,0.0,0.0,0.0,3.92,3.92,0.0,0.0,0.0,0.0,27.45,3.92,5.88,3.92,0.0,3.92,1.96,1.96,0.0,1.96,3.92,0.0
testAuthor,"[{'e': 'text', 't': 'Test Flair'}]",testFullname,test flair,reddit post body text,1643144046,,9323152294,True,6536264177,6536264177,1,False,,,0.1689685,70,12.37,28.39,5.55,52.57,17.5,10.0,84.29,60.0,18.57,10.0,5.71,0.0,0.0,0.0,4.29,8.57,5.71,8.57,14.29,5.71,10.0,2.86,22.86,0.0,0.0,0.0,0.0,4.29,10.0,5.71,4.29,0.0,2.86,0.0,11.43,0.0,0.0,0.0,0.0,20.0,1.43,2.86,8.57,10.0,0.0,7.14,0.0,0.0,0.0,0.0,1.43,1.43,0.0,0.0,0.0,8.57,2.86,0.0,2.86,1.43,1.43,5.71,11.43,7.14,5.71,0.0,4.29,1.43,0.0,0.0,0.0,0.0,1.43,0.0,2.86,1.43,0.0,1.43,0.0,0.0,18.57,4.29,2.86,1.43,0.0,0.0,1.43,0.0,0.0,4.29,2.86,1.43
testAuthor,"[{'e': 'text', 't': 'Test Flair'}]",testFullname,test flair,reddit post body text,1644073135,,8532629141,True,9666137498,9666137498,1,False,,,0.005865656,14,97.73,50.0,1.06,25.77,14.0,7.14,35.71,7.14,0.0,0.0,0.0,0.0,0.0,0.0,0.0,0.0,7.14,0.0,0.0,0.0,0.0,0.0,0.0,0.0,0.0,0.0,28.57,0.0,0.0,0.0,0.0,0.0,0.0,0.0,0.0,0.0,0.0,0.0,0.0,0.0,0.0,0.0,0.0,0.0,0.0,0.0,0.0,0.0,0.0,0.0,0.0,0.0,0.0,0.0,0.0,0.0,0.0,0.0,0.0,0.0,0.0,0.0,0.0,0.0,7.14,0.0,7.14,0.0,0.0,7.14,0.0,0.0,0.0,0.0,14.29,0.0,14.29,0.0,0.0,0.0,64.29,28.57,0.0,0.0,0.0,0.0,0.0,14.29,0.0,0.0,0.0,21.43
testAuthor,"[{'e': 'text', 't': 'Test Flair'}]",testFullname,test flair,reddit post body text,1645145599,,7778262801,False,212007452,212007452,1,,,1649359996.0,0.09763293,9,18.82,1.0,98.01,25.77,9.0,0.0,77.78,55.56,22.22,22.22,22.22,0.0,0.0,0.0,0.0,0.0,0.0,11.11,11.11,0.0,11.11,0.0,11.11,0.0,0.0,0.0,0.0,0.0,0.0,0.0,0.0,0.0,0.0,0.0,0.0,0.0,0.0,0.0,0.0,22.22,0.0,0.0,0.0,22.22,0.0,11.11,0.0,0.0,0.0,0.0,0.0,0.0,0.0,0.0,0.0,22.22,11.11,0.0,0.0,11.11,0.0,0.0,22.22,0.0,0.0,0.0,0.0,0.0,0.0,0.0,0.0,22.22,0.0,0.0,0.0,0.0,0.0,0.0,0.0,0.0,0.0,0.0,0.0,0.0,0.0,0.0,0.0,0.0,0.0,0.0,0.0,0.0
testAuthor,"[{'e': 'text', 't': 'Test Flair'}]",testFullname,test flair,reddit post body text,1645145335,,9228707210,False,212007452,212007452,1,,,1649357837.0,0.040628307,1,93.26,50.0,99.0,25.77,1.0,100.0,100.0,0.0,0.0,0.0,0.0,0.0,0.0,0.0,0.0,0.0,0.0,0.0,0.0,0.0,0.0,0.0,0.0,0.0,0.0,0.0,0.0,0.0,0.0,0.0,0.0,0.0,0.0,0.0,0.0,0.0,0.0,0.0,0.0,0.0,0.0,0.0,0.0,0.0,0.0,0.0,0.0,0.0,0.0,0.0,0.0,0.0,0.0,0.0,0.0,0.0,0.0,0.0,0.0,0.0,0.0,0.0,0.0,0.0,100.0,100.0,0.0,0.0,0.0,0.0,0.0,0.0,0.0,0.0,0.0,0.0,0.0,0.0,0.0,0.0,200.0,0.0,0.0,0.0,0.0,0.0,0.0,0.0,0.0,0.0,0.0,200.0
testAuthor,"[{'e': 'text', 't': 'Test Flair'}]",testFullname,test flair,reddit post body text,1645117002,,4603484315,False,212007452,212007452,1,,,1649100632.0,0.0087811295,25,96.24,99.0,43.37,25.77,12.5,20.0,60.0,36.0,12.0,12.0,0.0,12.0,0.0,0.0,0.0,0.0,0.0,20.0,0.0,0.0,4.0,0.0,12.0,0.0,0.0,0.0,8.0,0.0,0.0,0.0,0.0,0.0,0.0,0.0,12.0,0.0,0.0,0.0,0.0,0.0,0.0,0.0,0.0,0.0,0.0,0.0,0.0,0.0,0.0,0.0,0.0,0.0,0.0,0.0,0.0,16.0,16.0,0.0,0.0,0.0,0.0,0.0,12.0,0.0,20.0,4.0,16.0,0.0,0.0,0.0,0.0,12.0,0.0,0.0,4.0,0.0,4.0,0.0,0.0,0.0,44.0,8.0,0.0,0.0,0.0,0.0,0.0,0.0,0.0,4.0,0.0,32.0
testAuthor,"[{'e': 'text', 't': 'Test Flair'}]",testFullname,test flair,reddit post body text,1645057856,,3588232214,False,212007452,212007452,1,,,1648712764.0,0.040628307,1,93.26,50.0,99.0,25.77,1.0,100.0,100.0,0.0,0.0,0.0,0.0,0.0,0.0,0.0,0.0,0.0,0.0,0.0,0.0,0.0,0.0,0.0,0.0,0.0,0.0,0.0,0.0,0.0,0.0,0.0,0.0,0.0,0.0,0.0,0.0,0.0,0.0,0.0,0.0,0.0,0.0,0.0,0.0,0.0,0.0,0.0,0.0,0.0,0.0,0.0,0.0,0.0,0.0,0.0,0.0,0.0,0.0,0.0,0.0,0.0,0.0,0.0,0.0,0.0,100.0,100.0,0.0,0.0,0.0,0.0,0.0,0.0,0.0,0.0,0.0,0.0,0.0,0.0,0.0,0.0,200.0,0.0,0.0,0.0,0.0,0.0,0.0,0.0,0.0,0.0,0.0,200.0
testAuthor,"[{'e': 'text', 't': 'Test Flair'}]",testFullname,test flair,reddit post body text,1644417677,,2352080224,False,212007452,212007452,1,False,,,0.040628307,1,93.26,50.0,99.0,25.77,1.0,100.0,100.0,0.0,0.0,0.0,0.0,0.0,0.0,0.0,0.0,0.0,0.0,0.0,0.0,0.0,0.0,0.0,0.0,0.0,0.0,0.0,0.0,0.0,0.0,0.0,0.0,0.0,0.0,0.0,0.0,0.0,0.0,0.0,0.0,0.0,0.0,0.0,0.0,0.0,0.0,0.0,0.0,0.0,0.0,0.0,0.0,0.0,0.0,0.0,0.0,0.0,0.0,0.0,0.0,0.0,0.0,0.0,0.0,0.0,100.0,100.0,0.0,0.0,0.0,0.0,0.0,0.0,0.0,0.0,0.0,0.0,0.0,0.0,0.0,0.0,200.0,0.0,0.0,0.0,0.0,0.0,0.0,0.0,0.0,0.0,0.0,200.0
testAuthor,"[{'e': 'text', 't': 'Test Flair'}]",testFullname,test flair,reddit post body text,1644254596,,2027184895,False,3469543412,212007452,1,False,,,0.032902762,78,33.48,15.25,88.5,73.64,39.0,21.79,87.18,53.85,12.82,7.69,3.85,0.0,0.0,0.0,3.85,5.13,6.41,8.97,8.97,6.41,10.26,3.85,20.51,1.28,0.0,2.56,0.0,2.56,5.13,3.85,1.28,0.0,0.0,0.0,6.41,0.0,1.28,1.28,0.0,24.36,5.13,3.85,1.28,2.56,6.41,8.97,2.56,0.0,1.28,1.28,0.0,0.0,0.0,0.0,0.0,12.82,1.28,2.56,5.13,2.56,1.28,5.13,12.82,2.56,11.54,2.56,6.41,2.56,2.56,0.0,0.0,0.0,0.0,0.0,1.28,0.0,1.28,0.0,0.0,0.0,10.26,2.56,1.28,0.0,0.0,0.0,0.0,0.0,0.0,1.28,5.13,0.0
testAuthor,"[{'e': 'text', 't': 'Test Flair'}]",testFullname,test flair,reddit post body text,1644220387,,197399337,False,6689191199,212007452,1,False,,,0.040628307,1,93.26,50.0,99.0,25.77,1.0,100.0,100.0,0.0,0.0,0.0,0.0,0.0,0.0,0.0,0.0,0.0,0.0,0.0,0.0,0.0,0.0,0.0,0.0,0.0,0.0,0.0,0.0,0.0,0.0,0.0,0.0,0.0,0.0,0.0,0.0,0.0,0.0,0.0,0.0,0.0,0.0,0.0,0.0,0.0,0.0,0.0,0.0,0.0,0.0,0.0,0.0,0.0,0.0,0.0,0.0,0.0,0.0,0.0,0.0,0.0,0.0,0.0,0.0,0.0,100.0,100.0,0.0,0.0,0.0,0.0,0.0,0.0,0.0,0.0,0.0,0.0,0.0,0.0,0.0,0.0,200.0,0.0,0.0,0.0,0.0,0.0,0.0,0.0,0.0,0.0,0.0,200.0
testAuthor,"[{'e': 'text', 't': 'Test Flair'}]",testFullname,test flair,reddit post body text,1644195286,,2823128060,False,2531841281,212007452,1,False,,,0.040628307,1,93.26,50.0,99.0,25.77,1.0,100.0,100.0,0.0,0.0,0.0,0.0,0.0,0.0,0.0,0.0,0.0,0.0,0.0,0.0,0.0,0.0,0.0,0.0,0.0,0.0,0.0,0.0,0.0,0.0,0.0,0.0,0.0,0.0,0.0,0.0,0.0,0.0,0.0,0.0,0.0,0.0,0.0,0.0,0.0,0.0,0.0,0.0,0.0,0.0,0.0,0.0,0.0,0.0,0.0,0.0,0.0,0.0,0.0,0.0,0.0,0.0,0.0,0.0,0.0,100.0,100.0,0.0,0.0,0.0,0.0,0.0,0.0,0.0,0.0,0.0,0.0,0.0,0.0,0.0,0.0,200.0,0.0,0.0,0.0,0.0,0.0,0.0,0.0,0.0,0.0,0.0,200.0
testAuthor,"[{'e': 'text', 't': 'Test Flair'}]",testFullname,test flair,reddit post body text,1644194968,,292455808,False,1550580801,212007452,1,False,,,0.067320265,28,76.76,98.33,30.01,87.2,14.0,14.29,92.86,60.71,14.29,14.29,0.0,0.0,14.29,0.0,0.0,0.0,7.14,21.43,10.71,0.0,10.71,3.57,17.86,7.14,3.57,0.0,0.0,0.0,3.57,3.57,0.0,0.0,0.0,0.0,14.29,0.0,0.0,0.0,0.0,17.86,7.14,3.57,3.57,3.57,3.57,3.57,0.0,0.0,0.0,0.0,3.57,3.57,0.0,0.0,0.0,7.14,0.0,0.0,0.0,3.57,3.57,0.0,10.71,0.0,10.71,0.0,10.71,0.0,3.57,0.0,0.0,0.0,0.0,0.0,0.0,0.0,0.0,0.0,0.0,0.0,7.14,3.57,0.0,0.0,0.0,0.0,0.0,0.0,0.0,3.57,0.0,0.0
testAuthor,"[{'e': 'text', 't': 'Test Flair'}]",testFullname,test flair,reddit post body text,1644185992,,9564893316,False,212007452,212007452,1,True,,,0.02054715,12,62.04,20.24,1.79,25.77,6.0,25.0,83.33,58.33,8.33,0.0,0.0,0.0,0.0,0.0,0.0,8.33,8.33,16.67,16.67,8.33,0.0,8.33,16.67,8.33,8.33,0.0,8.33,0.0,0.0,0.0,0.0,0.0,0.0,0.0,0.0,0.0,0.0,0.0,0.0,0.0,0.0,0.0,0.0,0.0,0.0,0.0,0.0,0.0,0.0,0.0,0.0,0.0,0.0,0.0,0.0,8.33,0.0,0.0,8.33,0.0,0.0,8.33,8.33,0.0,8.33,0.0,8.33,0.0,8.33,0.0,0.0,0.0,0.0,0.0,0.0,0.0,0.0,0.0,0.0,0.0,16.67,8.33,0.0,0.0,0.0,0.0,0.0,0.0,0.0,8.33,0.0,0.0
testAuthor,"[{'e': 'text', 't': 'Test Flair'}]",testFullname,test flair,reddit post body text,1644130012,,4163068118,False,9969737079,212007452,1,False,,,0.0136749605,14,29.3,98.33,1.0,99.0,4.67,21.43,100.0,57.14,21.43,7.14,0.0,0.0,7.14,0.0,0.0,14.29,7.14,7.14,7.14,7.14,7.14,0.0,14.29,7.14,0.0,0.0,0.0,7.14,7.14,7.14,0.0,0.0,0.0,0.0,14.29,0.0,0.0,0.0,0.0,21.43,0.0,0.0,0.0,0.0,21.43,0.0,7.14,0.0,7.14,0.0,0.0,0.0,0.0,0.0,0.0,7.14,0.0,0.0,0.0,7.14,0.0,0.0,14.29,0.0,0.0,0.0,0.0,0.0,0.0,0.0,0.0,0.0,0.0,0.0,7.14,0.0,0.0,7.14,0.0,0.0,21.43,14.29,0.0,0.0,0.0,0.0,7.14,0.0,0.0,0.0,0.0,0.0
testAuthor,"[{'e': 'text', 't': 'Test Flair'}]",testFullname,test flair,reddit post body text,1644111379,,2986699300,False,5811565119,212007452,1,True,,,0.040628307,1,93.26,50.0,99.0,25.77,1.0,100.0,100.0,0.0,0.0,0.0,0.0,0.0,0.0,0.0,0.0,0.0,0.0,0.0,0.0,0.0,0.0,0.0,0.0,0.0,0.0,0.0,0.0,0.0,0.0,0.0,0.0,0.0,0.0,0.0,0.0,0.0,0.0,0.0,0.0,0.0,0.0,0.0,0.0,0.0,0.0,0.0,0.0,0.0,0.0,0.0,0.0,0.0,0.0,0.0,0.0,0.0,0.0,0.0,0.0,0.0,0.0,0.0,0.0,0.0,100.0,100.0,0.0,0.0,0.0,0.0,0.0,0.0,0.0,0.0,0.0,0.0,0.0,0.0,0.0,0.0,200.0,0.0,0.0,0.0,0.0,0.0,0.0,0.0,0.0,0.0,0.0,200.0
testAuthor,"[{'e': 'text', 't': 'Test Flair'}]",testFullname,test flair,reddit post body text,1644108237,,5201813866,False,5903076020,212007452,1,True,,,0.037881445,24,99.0,33.83,7.84,92.4,12.0,25.0,91.67,54.17,4.17,0.0,0.0,0.0,0.0,0.0,0.0,4.17,16.67,16.67,12.5,0.0,0.0,4.17,12.5,4.17,0.0,0.0,0.0,0.0,4.17,4.17,0.0,0.0,0.0,0.0,4.17,0.0,0.0,0.0,0.0,12.5,0.0,0.0,4.17,0.0,4.17,4.17,8.33,0.0,8.33,0.0,0.0,0.0,0.0,0.0,0.0,8.33,0.0,0.0,8.33,0.0,0.0,4.17,8.33,0.0,12.5,0.0,4.17,8.33,8.33,0.0,0.0,0.0,0.0,0.0,0.0,0.0,0.0,0.0,0.0,0.0,12.5,8.33,4.17,0.0,0.0,0.0,0.0,0.0,0.0,0.0,0.0,0.0
testAuthor,"[{'e': 'text', 't': 'Test Flair'}]",testFullname,test flair,reddit post body text,1644107737,,3755595042,False,2525208846,212007452,1,False,,,0.040628307,1,93.26,50.0,99.0,25.77,1.0,100.0,100.0,0.0,0.0,0.0,0.0,0.0,0.0,0.0,0.0,0.0,0.0,0.0,0.0,0.0,0.0,0.0,0.0,0.0,0.0,0.0,0.0,0.0,0.0,0.0,0.0,0.0,0.0,0.0,0.0,0.0,0.0,0.0,0.0,0.0,0.0,0.0,0.0,0.0,0.0,0.0,0.0,0.0,0.0,0.0,0.0,0.0,0.0,0.0,0.0,0.0,0.0,0.0,0.0,0.0,0.0,0.0,0.0,0.0,100.0,100.0,0.0,0.0,0.0,0.0,0.0,0.0,0.0,0.0,0.0,0.0,0.0,0.0,0.0,0.0,200.0,0.0,0.0,0.0,0.0,0.0,0.0,0.0,0.0,0.0,0.0,200.0
testAuthor,"[{'e': 'text', 't': 'Test Flair'}]",testFullname,test flair,reddit post body text,1644107123,,1126486883,False,8631731920,212007452,1,False,,,0.040628307,1,93.26,50.0,99.0,25.77,1.0,100.0,100.0,0.0,0.0,0.0,0.0,0.0,0.0,0.0,0.0,0.0,0.0,0.0,0.0,0.0,0.0,0.0,0.0,0.0,0.0,0.0,0.0,0.0,0.0,0.0,0.0,0.0,0.0,0.0,0.0,0.0,0.0,0.0,0.0,0.0,0.0,0.0,0.0,0.0,0.0,0.0,0.0,0.0,0.0,0.0,0.0,0.0,0.0,0.0,0.0,0.0,0.0,0.0,0.0,0.0,0.0,0.0,0.0,0.0,100.0,100.0,0.0,0.0,0.0,0.0,0.0,0.0,0.0,0.0,0.0,0.0,0.0,0.0,0.0,0.0,200.0,0.0,0.0,0.0,0.0,0.0,0.0,0.0,0.0,0.0,0.0,200.0
testAuthor,"[{'e': 'text', 't': 'Test Flair'}]",testFullname,test flair,reddit post body text,1644107089,,1476348258,False,6689191199,212007452,1,True,,,0.040628307,1,93.26,50.0,99.0,25.77,1.0,100.0,100.0,0.0,0.0,0.0,0.0,0.0,0.0,0.0,0.0,0.0,0.0,0.0,0.0,0.0,0.0,0.0,0.0,0.0,0.0,0.0,0.0,0.0,0.0,0.0,0.0,0.0,0.0,0.0,0.0,0.0,0.0,0.0,0.0,0.0,0.0,0.0,0.0,0.0,0.0,0.0,0.0,0.0,0.0,0.0,0.0,0.0,0.0,0.0,0.0,0.0,0.0,0.0,0.0,0.0,0.0,0.0,0.0,0.0,100.0,100.0,0.0,0.0,0.0,0.0,0.0,0.0,0.0,0.0,0.0,0.0,0.0,0.0,0.0,0.0,200.0,0.0,0.0,0.0,0.0,0.0,0.0,0.0,0.0,0.0,0.0,200.0
testAuthor,"[{'e': 'text', 't': 'Test Flair'}]",testFullname,test flair,reddit post body text,1644106936,,511762918,False,8199556282,212007452,1,True,,,0.011175984,1,93.26,50.0,1.0,99.0,1.0,100.0,100.0,0.0,0.0,0.0,0.0,0.0,0.0,0.0,0.0,0.0,0.0,0.0,0.0,0.0,0.0,0.0,0.0,0.0,0.0,0.0,0.0,0.0,100.0,100.0,0.0,0.0,0.0,0.0,0.0,0.0,0.0,0.0,0.0,0.0,0.0,0.0,0.0,0.0,0.0,0.0,0.0,0.0,0.0,0.0,0.0,0.0,0.0,0.0,0.0,0.0,0.0,0.0,0.0,0.0,0.0,0.0,0.0,0.0,0.0,0.0,0.0,0.0,0.0,0.0,0.0,0.0,0.0,0.0,0.0,0.0,0.0,0.0,0.0,0.0,200.0,0.0,0.0,0.0,0.0,0.0,0.0,0.0,0.0,0.0,0.0,200.0
testAuthor,"[{'e': 'text', 't': 'Test Flair'}]",testFullname,test flair,reddit post body text,1644106113,,3758845863,False,1452213448,212007452,1,True,,,0.09065199,43,69.13,67.9,64.67,69.6,43.0,18.6,93.02,58.14,16.28,11.63,4.65,0.0,6.98,0.0,0.0,4.65,4.65,18.6,6.98,4.65,6.98,2.33,20.93,4.65,6.98,4.65,0.0,2.33,6.98,4.65,2.33,0.0,0.0,0.0,9.3,0.0,0.0,0.0,0.0,18.6,4.65,4.65,2.33,4.65,0.0,4.65,0.0,0.0,0.0,0.0,2.33,0.0,2.33,0.0,0.0,4.65,0.0,0.0,4.65,0.0,0.0,4.65,13.95,2.33,11.63,0.0,4.65,6.98,2.33,2.33,0.0,0.0,0.0,0.0,2.33,0.0,2.33,0.0,0.0,0.0,20.93,0.0,9.3,0.0,0.0,2.33,0.0,0.0,0.0,0.0,4.65,4.65
testAuthor,"[{'e': 'text', 't': 'Test Flair'}]",testFullname,test flair,reddit post body text,1644106068,,3178271173,False,5370549155,212007452,1,False,,,0.22990009,44,38.6,67.52,61.34,68.66,14.67,25.0,88.64,56.82,11.36,6.82,0.0,4.55,2.27,0.0,0.0,4.55,6.82,11.36,13.64,4.55,6.82,6.82,27.27,6.82,6.82,0.0,0.0,2.27,6.82,4.55,2.27,0.0,2.27,0.0,9.09,0.0,0.0,0.0,0.0,11.36,0.0,2.27,0.0,2.27,2.27,4.55,2.27,0.0,0.0,2.27,0.0,0.0,0.0,0.0,0.0,13.64,4.55,6.82,0.0,4.55,0.0,11.36,9.09,4.55,18.18,6.82,9.09,2.27,2.27,0.0,0.0,0.0,0.0,0.0,0.0,0.0,0.0,0.0,0.0,0.0,6.82,6.82,0.0,0.0,0.0,0.0,0.0,0.0,0.0,0.0,0.0,0.0
testAuthor,"[{'e': 'text', 't': 'Test Flair'}]",testFullname,test flair,reddit post body text,1644105891,,6700234398,False,6572863207,212007452,1,True,,,0.12888865,24,3.8,66.17,74.76,1.0,24.0,12.5,91.67,62.5,29.17,25.0,12.5,4.17,8.33,0.0,0.0,4.17,4.17,4.17,12.5,0.0,8.33,4.17,25.0,0.0,0.0,0.0,0.0,0.0,4.17,0.0,4.17,0.0,0.0,4.17,16.67,0.0,0.0,0.0,0.0,20.83,4.17,8.33,4.17,4.17,0.0,8.33,0.0,0.0,0.0,0.0,0.0,0.0,0.0,0.0,0.0,12.5,4.17,0.0,8.33,0.0,0.0,12.5,8.33,0.0,4.17,0.0,4.17,0.0,0.0,0.0,0.0,0.0,4.17,0.0,4.17,0.0,0.0,0.0,4.17,0.0,41.67,33.33,0.0,0.0,4.17,0.0,0.0,0.0,0.0,0.0,0.0,4.17
testAuthor,"[{'e': 'text', 't': 'Test Flair'}]",testFullname,test flair,reddit post body text,1644105874,,733982750,False,189398692,212007452,1,False,,,0.02193547,6,1.92,4.8,99.0,25.77,3.0,16.67,100.0,50.0,33.33,16.67,16.67,0.0,0.0,0.0,0.0,16.67,0.0,0.0,16.67,0.0,0.0,0.0,33.33,0.0,0.0,0.0,0.0,0.0,0.0,0.0,0.0,0.0,0.0,0.0,16.67,0.0,0.0,0.0,0.0,50.0,33.33,0.0,0.0,0.0,0.0,16.67,0.0,0.0,0.0,0.0,0.0,0.0,0.0,0.0,0.0,16.67,16.67,0.0,0.0,0.0,0.0,0.0,33.33,0.0,16.67,0.0,16.67,0.0,0.0,0.0,0.0,0.0,0.0,0.0,0.0,0.0,0.0,0.0,0.0,0.0,33.33,16.67,0.0,0.0,0.0,16.67,0.0,0.0,0.0,0.0,0.0,0.0
testAuthor,"[{'e': 'text', 't': 'Test Flair'}]",testFullname,test flair,reddit post body text,1644105492,,3526856868,False,6370476255,212007452,1,False,,,0.040628307,1,93.26,50.0,99.0,25.77,1.0,100.0,100.0,0.0,0.0,0.0,0.0,0.0,0.0,0.0,0.0,0.0,0.0,0.0,0.0,0.0,0.0,0.0,0.0,0.0,0.0,0.0,0.0,0.0,0.0,0.0,0.0,0.0,0.0,0.0,0.0,0.0,0.0,0.0,0.0,0.0,0.0,0.0,0.0,0.0,0.0,0.0,0.0,0.0,0.0,0.0,0.0,0.0,0.0,0.0,0.0,0.0,0.0,0.0,0.0,0.0,0.0,0.0,0.0,0.0,100.0,100.0,0.0,0.0,0.0,0.0,0.0,0.0,0.0,0.0,0.0,0.0,0.0,0.0,0.0,0.0,200.0,0.0,0.0,0.0,0.0,0.0,0.0,0.0,0.0,0.0,0.0,200.0
testAuthor,"[{'e': 'text', 't': 'Test Flair'}]",testFullname,test flair,reddit post body text,1644105165,,8006673172,False,2039809351,212007452,1,False,,,0.040628307,1,93.26,50.0,99.0,25.77,1.0,100.0,100.0,0.0,0.0,0.0,0.0,0.0,0.0,0.0,0.0,0.0,0.0,0.0,0.0,0.0,0.0,0.0,0.0,0.0,0.0,0.0,0.0,0.0,0.0,0.0,0.0,0.0,0.0,0.0,0.0,0.0,0.0,0.0,0.0,0.0,0.0,0.0,0.0,0.0,0.0,0.0,0.0,0.0,0.0,0.0,0.0,0.0,0.0,0.0,0.0,0.0,0.0,0.0,0.0,0.0,0.0,0.0,0.0,0.0,100.0,100.0,0.0,0.0,0.0,0.0,0.0,0.0,0.0,0.0,0.0,0.0,0.0,0.0,0.0,0.0,200.0,0.0,0.0,0.0,0.0,0.0,0.0,0.0,0.0,0.0,0.0,200.0
testAuthor,"[{'e': 'text', 't': 'Test Flair'}]",testFullname,test flair,reddit post body text,1644104349,,9060286046,False,1776324152,212007452,1,False,,,0.04165838,15,18.82,97.69,43.37,99.0,7.5,6.67,86.67,53.33,20.0,13.33,0.0,0.0,13.33,0.0,0.0,6.67,6.67,6.67,13.33,6.67,6.67,0.0,26.67,13.33,13.33,0.0,0.0,0.0,13.33,13.33,0.0,0.0,0.0,0.0,13.33,0.0,0.0,0.0,0.0,33.33,6.67,6.67,6.67,6.67,13.33,6.67,6.67,0.0,0.0,6.67,0.0,0.0,0.0,0.0,0.0,6.67,0.0,6.67,0.0,6.67,0.0,13.33,13.33,0.0,13.33,0.0,0.0,13.33,0.0,0.0,0.0,0.0,0.0,0.0,0.0,0.0,0.0,0.0,0.0,0.0,13.33,6.67,0.0,0.0,0.0,0.0,0.0,0.0,0.0,6.67,0.0,0.0
testAuthor,"[{'e': 'text', 't': 'Test Flair'}]",testFullname,test flair,reddit post body text,1644104185,,1277655076,False,707438262,212007452,1,False,,,0.040628307,1,93.26,50.0,99.0,25.77,1.0,100.0,100.0,0.0,0.0,0.0,0.0,0.0,0.0,0.0,0.0,0.0,0.0,0.0,0.0,0.0,0.0,0.0,0.0,0.0,0.0,0.0,0.0,0.0,0.0,0.0,0.0,0.0,0.0,0.0,0.0,0.0,0.0,0.0,0.0,0.0,0.0,0.0,0.0,0.0,0.0,0.0,0.0,0.0,0.0,0.0,0.0,0.0,0.0,0.0,0.0,0.0,0.0,0.0,0.0,0.0,0.0,0.0,0.0,0.0,100.0,100.0,0.0,0.0,0.0,0.0,0.0,0.0,0.0,0.0,0.0,0.0,0.0,0.0,0.0,0.0,200.0,0.0,0.0,0.0,0.0,0.0,0.0,0.0,0.0,0.0,0.0,200.0
testAuthor,"[{'e': 'text', 't': 'Test Flair'}]",testFullname,test flair,reddit post body text,1644104072,,8577466150,False,2427843865,212007452,1,True,,,0.019436494,12,1.0,79.76,74.76,25.77,6.0,25.0,83.33,50.0,16.67,8.33,0.0,0.0,0.0,0.0,8.33,8.33,0.0,0.0,33.33,8.33,0.0,0.0,33.33,8.33,0.0,0.0,0.0,8.33,0.0,0.0,0.0,0.0,0.0,0.0,8.33,0.0,0.0,0.0,0.0,8.33,0.0,0.0,0.0,0.0,8.33,0.0,0.0,0.0,0.0,0.0,0.0,0.0,0.0,0.0,0.0,0.0,0.0,0.0,0.0,0.0,0.0,8.33,25.0,8.33,25.0,0.0,8.33,16.67,0.0,0.0,0.0,8.33,0.0,0.0,0.0,0.0,0.0,0.0,0.0,0.0,16.67,8.33,0.0,0.0,0.0,0.0,0.0,0.0,0.0,8.33,0.0,0.0
testAuthor,"[{'e': 'text', 't': 'Test Flair'}]",testFullname,test flair,reddit post body text,1644104022,,1895174220,False,2665054644,212007452,1,False,,,0.36667302,5,8.69,99.0,1.0,99.0,5.0,20.0,100.0,40.0,20.0,20.0,0.0,0.0,20.0,0.0,0.0,0.0,0.0,0.0,20.0,0.0,0.0,0.0,20.0,0.0,0.0,0.0,0.0,0.0,40.0,40.0,0.0,0.0,0.0,0.0,20.0,0.0,0.0,0.0,0.0,0.0,0.0,0.0,0.0,0.0,0.0,0.0,0.0,0.0,0.0,0.0,20.0,0.0,20.0,0.0,0.0,0.0,0.0,0.0,0.0,0.0,0.0,0.0,20.0,0.0,0.0,0.0,0.0,0.0,0.0,0.0,0.0,0.0,0.0,0.0,20.0,0.0,20.0,0.0,0.0,0.0,20.0,0.0,20.0,0.0,0.0,0.0,0.0,0.0,0.0,0.0,0.0,0.0
testAuthor,"[{'e': 'text', 't': 'Test Flair'}]",testFullname,test flair,reddit post body text,1644103982,,823267880,False,5720897141,212007452,1,False,,,0.040628307,1,93.26,50.0,99.0,25.77,1.0,100.0,100.0,0.0,0.0,0.0,0.0,0.0,0.0,0.0,0.0,0.0,0.0,0.0,0.0,0.0,0.0,0.0,0.0,0.0,0.0,0.0,0.0,0.0,0.0,0.0,0.0,0.0,0.0,0.0,0.0,0.0,0.0,0.0,0.0,0.0,0.0,0.0,0.0,0.0,0.0,0.0,0.0,0.0,0.0,0.0,0.0,0.0,0.0,0.0,0.0,0.0,0.0,0.0,0.0,0.0,0.0,0.0,0.0,0.0,100.0,100.0,0.0,0.0,0.0,0.0,0.0,0.0,0.0,0.0,0.0,0.0,0.0,0.0,0.0,0.0,200.0,0.0,0.0,0.0,0.0,0.0,0.0,0.0,0.0,0.0,0.0,200.0
testAuthor,"[{'e': 'text', 't': 'Test Flair'}]",testFullname,test flair,reddit post body text,1644103224,,3116130060,False,9785271997,212007452,1,True,,,0.016590435,18,46.37,71.09,98.01,25.77,9.0,11.11,100.0,44.44,11.11,11.11,0.0,0.0,5.56,0.0,5.56,0.0,5.56,11.11,16.67,0.0,5.56,5.56,22.22,0.0,0.0,0.0,0.0,5.56,0.0,0.0,0.0,0.0,0.0,0.0,11.11,0.0,0.0,0.0,0.0,16.67,0.0,5.56,0.0,5.56,0.0,5.56,5.56,0.0,5.56,0.0,0.0,0.0,0.0,0.0,0.0,16.67,0.0,0.0,16.67,0.0,0.0,16.67,5.56,0.0,27.78,5.56,0.0,16.67,11.11,0.0,0.0,0.0,0.0,0.0,5.56,0.0,0.0,5.56,0.0,0.0,22.22,11.11,0.0,0.0,0.0,0.0,0.0,0.0,0.0,11.11,0.0,0.0
testAuthor,"[{'e': 'text', 't': 'Test Flair'}]",testFullname,test flair,reddit post body text,1644101385,,40910892,False,5973136343,212007452,1,True,,,0.5750231,92,80.93,98.04,12.61,1.17,13.14,22.83,82.61,50.0,17.39,8.7,0.0,0.0,7.61,0.0,1.09,8.7,3.26,19.57,6.52,2.17,2.17,3.26,11.96,6.52,5.43,2.17,0.0,2.17,11.96,4.35,7.61,0.0,2.17,0.0,25.0,0.0,0.0,0.0,2.17,18.48,1.09,2.17,1.09,3.26,4.35,7.61,0.0,0.0,0.0,0.0,2.17,0.0,1.09,0.0,0.0,13.04,3.26,1.09,8.7,1.09,0.0,1.09,9.78,0.0,6.52,2.17,4.35,0.0,3.26,0.0,0.0,0.0,0.0,0.0,1.09,1.09,0.0,0.0,0.0,0.0,22.83,7.61,3.26,0.0,0.0,0.0,0.0,1.09,6.52,4.35,0.0,0.0
testAuthor,"[{'e': 'text', 't': 'Test Flair'}]",testFullname,test flair,reddit post body text,1644101166,,7396113671,False,212007452,212007452,1,False,,,0.040628307,1,93.26,50.0,99.0,25.77,1.0,100.0,100.0,0.0,0.0,0.0,0.0,0.0,0.0,0.0,0.0,0.0,0.0,0.0,0.0,0.0,0.0,0.0,0.0,0.0,0.0,0.0,0.0,0.0,0.0,0.0,0.0,0.0,0.0,0.0,0.0,0.0,0.0,0.0,0.0,0.0,0.0,0.0,0.0,0.0,0.0,0.0,0.0,0.0,0.0,0.0,0.0,0.0,0.0,0.0,0.0,0.0,0.0,0.0,0.0,0.0,0.0,0.0,0.0,0.0,100.0,100.0,0.0,0.0,0.0,0.0,0.0,0.0,0.0,0.0,0.0,0.0,0.0,0.0,0.0,0.0,200.0,0.0,0.0,0.0,0.0,0.0,0.0,0.0,0.0,0.0,0.0,200.0
testAuthor,"[{'e': 'text', 't': 'Test Flair'}]",testFullname,test flair,reddit post body text,1644099361,,4289896989,False,3962446734,212007452,1,False,,,0.16035037,49,77.87,96.66,21.8,25.77,12.25,18.37,85.71,61.22,14.29,10.2,0.0,4.08,2.04,4.08,0.0,4.08,8.16,18.37,10.2,4.08,6.12,2.04,18.37,2.04,0.0,6.12,0.0,2.04,4.08,2.04,2.04,0.0,0.0,0.0,18.37,0.0,0.0,0.0,4.08,8.16,0.0,2.04,2.04,0.0,0.0,4.08,2.04,0.0,2.04,0.0,0.0,0.0,0.0,0.0,0.0,12.24,4.08,0.0,6.12,0.0,2.04,4.08,10.2,4.08,18.37,4.08,14.29,0.0,2.04,0.0,0.0,0.0,0.0,0.0,0.0,0.0,0.0,0.0,0.0,0.0,8.16,8.16,0.0,0.0,0.0,0.0,0.0,0.0,0.0,0.0,0.0,0.0
testAuthor,"[{'e': 'text', 't': 'Test Flair'}]",testFullname,test flair,reddit post body text,1644098282,,4224436211,False,6315587831,212007452,1,False,,,0.040628307,1,93.26,50.0,99.0,25.77,1.0,100.0,100.0,0.0,0.0,0.0,0.0,0.0,0.0,0.0,0.0,0.0,0.0,0.0,0.0,0.0,0.0,0.0,0.0,0.0,0.0,0.0,0.0,0.0,0.0,0.0,0.0,0.0,0.0,0.0,0.0,0.0,0.0,0.0,0.0,0.0,0.0,0.0,0.0,0.0,0.0,0.0,0.0,0.0,0.0,0.0,0.0,0.0,0.0,0.0,0.0,0.0,0.0,0.0,0.0,0.0,0.0,0.0,0.0,0.0,100.0,100.0,0.0,0.0,0.0,0.0,0.0,0.0,0.0,0.0,0.0,0.0,0.0,0.0,0.0,0.0,200.0,0.0,0.0,0.0,0.0,0.0,0.0,0.0,0.0,0.0,0.0,200.0
testAuthor,"[{'e': 'text', 't': 'Test Flair'}]",testFullname,test flair,reddit post body text,1644097987,,7446837418,False,598901537,212007452,1,False,,,0.022213135,11,32.58,3.48,2.4,1.0,11.0,18.18,100.0,63.64,0.0,0.0,0.0,0.0,0.0,0.0,0.0,0.0,18.18,9.09,9.09,18.18,18.18,9.09,9.09,0.0,0.0,0.0,0.0,9.09,9.09,0.0,9.09,0.0,0.0,0.0,0.0,0.0,0.0,0.0,0.0,18.18,0.0,0.0,0.0,9.09,0.0,9.09,9.09,0.0,9.09,0.0,0.0,0.0,0.0,0.0,0.0,9.09,0.0,0.0,9.09,0.0,0.0,0.0,9.09,0.0,0.0,0.0,0.0,0.0,9.09,0.0,0.0,0.0,0.0,0.0,0.0,0.0,0.0,0.0,0.0,0.0,9.09,9.09,0.0,0.0,0.0,0.0,0.0,0.0,0.0,0.0,0.0,0.0
testAuthor,"[{'e': 'text', 't': 'Test Flair'}]",testFullname,test flair,reddit post body text,1644097529,,7107259058,False,935987213,212007452,1,True,,,0.1894391,10,1.0,99.0,1.0,25.77,5.0,0.0,100.0,70.0,30.0,30.0,0.0,10.0,0.0,20.0,0.0,0.0,10.0,0.0,20.0,20.0,0.0,0.0,20.0,0.0,0.0,0.0,0.0,0.0,0.0,0.0,0.0,0.0,0.0,0.0,40.0,0.0,0.0,20.0,0.0,0.0,0.0,0.0,0.0,0.0,0.0,0.0,0.0,0.0,0.0,0.0,0.0,0.0,0.0,0.0,0.0,20.0,10.0,0.0,0.0,10.0,0.0,0.0,20.0,10.0,0.0,0.0,0.0,0.0,10.0,0.0,0.0,0.0,0.0,0.0,10.0,0.0,10.0,0.0,0.0,0.0,20.0,10.0,0.0,0.0,0.0,0.0,0.0,0.0,0.0,10.0,0.0,0.0
testAuthor,"[{'e': 'text', 't': 'Test Flair'}]",testFullname,test flair,reddit post body text,1644095567,,3515874927,False,8722017099,212007452,1,True,,,0.19936113,211,13.34,87.23,23.11,33.96,15.07,16.59,86.26,63.03,18.48,11.37,1.9,2.37,5.21,0.95,0.95,7.11,4.74,9.48,15.64,5.69,6.16,4.74,20.38,1.9,1.42,2.37,0.95,2.84,2.37,1.42,0.95,0.0,0.47,0.0,14.22,0.47,0.0,0.0,0.95,11.37,1.42,0.95,0.47,3.79,0.95,3.79,4.27,2.84,1.42,0.47,0.95,0.47,0.0,0.0,0.47,6.64,2.84,0.95,1.9,0.47,0.47,2.37,17.54,2.37,10.9,2.37,5.69,3.32,0.95,0.47,0.95,0.47,0.0,0.0,1.42,0.0,0.0,0.95,0.47,0.0,33.65,15.64,6.16,0.0,0.0,2.37,0.0,0.0,3.79,1.42,0.95,3.32
testAuthor,"[{'e': 'text', 't': 'Test Flair'}]",testFullname,test flair,reddit post body text,1644095033,,6969353917,False,1444204195,212007452,1,False,,,0.010759487,30,1.0,90.87,99.0,25.77,6.0,10.0,96.67,73.33,26.67,13.33,0.0,3.33,3.33,0.0,6.67,13.33,0.0,10.0,16.67,13.33,13.33,0.0,23.33,0.0,0.0,0.0,0.0,3.33,0.0,0.0,0.0,0.0,0.0,0.0,13.33,0.0,0.0,0.0,0.0,23.33,10.0,0.0,0.0,3.33,3.33,6.67,0.0,0.0,0.0,0.0,0.0,0.0,0.0,0.0,0.0,3.33,3.33,0.0,0.0,0.0,0.0,0.0,23.33,3.33,20.0,3.33,6.67,10.0,0.0,0.0,0.0,0.0,0.0,0.0,0.0,0.0,0.0,0.0,0.0,0.0,20.0,16.67,0.0,0.0,0.0,0.0,0.0,0.0,0.0,3.33,0.0,0.0
testAuthor,"[{'e': 'text', 't': 'Test Flair'}]",testFullname,test flair,reddit post body text,1644094608,,6542797878,False,598901537,212007452,1,False,,,0.104076885,6,1.0,4.8,1.0,99.0,6.0,16.67,83.33,50.0,16.67,0.0,0.0,0.0,0.0,0.0,0.0,16.67,0.0,0.0,33.33,0.0,0.0,16.67,33.33,0.0,0.0,0.0,0.0,0.0,16.67,16.67,0.0,0.0,0.0,0.0,0.0,0.0,0.0,0.0,0.0,0.0,0.0,0.0,0.0,0.0,0.0,0.0,0.0,0.0,0.0,0.0,0.0,0.0,0.0,0.0,0.0,0.0,0.0,0.0,0.0,0.0,0.0,0.0,16.67,16.67,0.0,0.0,0.0,0.0,0.0,0.0,0.0,0.0,0.0,0.0,33.33,0.0,16.67,16.67,0.0,0.0,50.0,16.67,16.67,0.0,0.0,0.0,0.0,0.0,0.0,16.67,0.0,0.0
testAuthor,"[{'e': 'text', 't': 'Test Flair'}]",testFullname,test flair,reddit post body text,1644094047,,4646186375,False,2665054644,212007452,1,False,,,0.074912034,8,1.92,50.0,1.0,25.77,4.0,37.5,87.5,37.5,0.0,0.0,0.0,0.0,0.0,0.0,0.0,0.0,0.0,0.0,12.5,25.0,0.0,12.5,25.0,0.0,0.0,12.5,0.0,0.0,25.0,12.5,12.5,0.0,12.5,0.0,12.5,0.0,0.0,0.0,0.0,37.5,0.0,25.0,12.5,0.0,0.0,0.0,0.0,0.0,0.0,0.0,0.0,0.0,0.0,0.0,0.0,0.0,0.0,0.0,0.0,0.0,0.0,0.0,12.5,0.0,0.0,0.0,0.0,0.0,0.0,0.0,0.0,12.5,0.0,0.0,0.0,0.0,0.0,0.0,0.0,0.0,62.5,12.5,0.0,0.0,0.0,0.0,0.0,0.0,25.0,12.5,0.0,12.5
testAuthor,"[{'e': 'text', 't': 'Test Flair'}]",testFullname,test flair,reddit post body text,1644093230,,9472694029,False,212007452,212007452,1,True,,,0.040628307,1,93.26,50.0,99.0,25.77,1.0,100.0,100.0,0.0,0.0,0.0,0.0,0.0,0.0,0.0,0.0,0.0,0.0,0.0,0.0,0.0,0.0,0.0,0.0,0.0,0.0,0.0,0.0,0.0,0.0,0.0,0.0,0.0,0.0,0.0,0.0,0.0,0.0,0.0,0.0,0.0,0.0,0.0,0.0,0.0,0.0,0.0,0.0,0.0,0.0,0.0,0.0,0.0,0.0,0.0,0.0,0.0,0.0,0.0,0.0,0.0,0.0,0.0,0.0,0.0,100.0,100.0,0.0,0.0,0.0,0.0,0.0,0.0,0.0,0.0,0.0,0.0,0.0,0.0,0.0,0.0,200.0,0.0,0.0,0.0,0.0,0.0,0.0,0.0,0.0,0.0,0.0,200.0
testAuthor,"[{'e': 'text', 't': 'Test Flair'}]",testFullname,test flair,reddit post body text,1644092604,,4069659828,False,865797903,212007452,1,True,,,0.040628307,1,93.26,50.0,99.0,25.77,1.0,100.0,100.0,0.0,0.0,0.0,0.0,0.0,0.0,0.0,0.0,0.0,0.0,0.0,0.0,0.0,0.0,0.0,0.0,0.0,0.0,0.0,0.0,0.0,0.0,0.0,0.0,0.0,0.0,0.0,0.0,0.0,0.0,0.0,0.0,0.0,0.0,0.0,0.0,0.0,0.0,0.0,0.0,0.0,0.0,0.0,0.0,0.0,0.0,0.0,0.0,0.0,0.0,0.0,0.0,0.0,0.0,0.0,0.0,0.0,100.0,100.0,0.0,0.0,0.0,0.0,0.0,0.0,0.0,0.0,0.0,0.0,0.0,0.0,0.0,0.0,200.0,0.0,0.0,0.0,0.0,0.0,0.0,0.0,0.0,0.0,0.0,200.0
testAuthor,"[{'e': 'text', 't': 'Test Flair'}]",testFullname,test flair,reddit post body text,1644092572,,5508953419,False,9149757383,212007452,1,True,,,0.040628307,1,93.26,50.0,99.0,25.77,1.0,100.0,100.0,0.0,0.0,0.0,0.0,0.0,0.0,0.0,0.0,0.0,0.0,0.0,0.0,0.0,0.0,0.0,0.0,0.0,0.0,0.0,0.0,0.0,0.0,0.0,0.0,0.0,0.0,0.0,0.0,0.0,0.0,0.0,0.0,0.0,0.0,0.0,0.0,0.0,0.0,0.0,0.0,0.0,0.0,0.0,0.0,0.0,0.0,0.0,0.0,0.0,0.0,0.0,0.0,0.0,0.0,0.0,0.0,0.0,100.0,100.0,0.0,0.0,0.0,0.0,0.0,0.0,0.0,0.0,0.0,0.0,0.0,0.0,0.0,0.0,200.0,0.0,0.0,0.0,0.0,0.0,0.0,0.0,0.0,0.0,0.0,200.0
testAuthor,"[{'e': 'text', 't': 'Test Flair'}]",testFullname,test flair,reddit post body text,1644091632,,3240888954,False,4772868112,212007452,1,True,,,0.06412373,40,20.47,4.01,86.07,1.0,10.0,17.5,77.5,52.5,22.5,20.0,15.0,0.0,0.0,0.0,5.0,2.5,2.5,7.5,5.0,2.5,10.0,2.5,15.0,5.0,0.0,2.5,0.0,0.0,5.0,0.0,5.0,0.0,0.0,2.5,10.0,0.0,0.0,0.0,0.0,27.5,5.0,5.0,5.0,5.0,0.0,10.0,2.5,0.0,2.5,0.0,2.5,2.5,0.0,0.0,0.0,2.5,0.0,0.0,0.0,0.0,2.5,0.0,15.0,0.0,2.5,0.0,2.5,0.0,0.0,0.0,0.0,0.0,0.0,0.0,0.0,0.0,0.0,0.0,0.0,0.0,30.0,7.5,2.5,2.5,0.0,2.5,0.0,10.0,5.0,0.0,0.0,0.0
testAuthor,"[{'e': 'text', 't': 'Test Flair'}]",testFullname,test flair,reddit post body text,1644091194,,9594619881,False,212007452,212007452,1,False,,,0.040628307,1,93.26,50.0,99.0,25.77,1.0,100.0,100.0,0.0,0.0,0.0,0.0,0.0,0.0,0.0,0.0,0.0,0.0,0.0,0.0,0.0,0.0,0.0,0.0,0.0,0.0,0.0,0.0,0.0,0.0,0.0,0.0,0.0,0.0,0.0,0.0,0.0,0.0,0.0,0.0,0.0,0.0,0.0,0.0,0.0,0.0,0.0,0.0,0.0,0.0,0.0,0.0,0.0,0.0,0.0,0.0,0.0,0.0,0.0,0.0,0.0,0.0,0.0,0.0,0.0,100.0,100.0,0.0,0.0,0.0,0.0,0.0,0.0,0.0,0.0,0.0,0.0,0.0,0.0,0.0,0.0,200.0,0.0,0.0,0.0,0.0,0.0,0.0,0.0,0.0,0.0,0.0,200.0
testAuthor,"[{'e': 'text', 't': 'Test Flair'}]",testFullname,test flair,reddit post body text,1644090745,,3240330166,False,5398646881,212007452,1,False,,,0.046465382,62,2.54,74.07,13.99,7.28,8.86,20.97,77.42,62.9,17.74,9.68,0.0,0.0,0.0,0.0,9.68,8.06,8.06,3.23,16.13,12.9,11.29,1.61,19.35,0.0,0.0,1.61,0.0,3.23,1.61,0.0,1.61,0.0,1.61,0.0,9.68,0.0,0.0,0.0,0.0,14.52,3.23,8.06,0.0,0.0,4.84,1.61,0.0,0.0,0.0,0.0,0.0,0.0,0.0,0.0,0.0,3.23,0.0,0.0,3.23,0.0,0.0,3.23,14.52,0.0,9.68,1.61,3.23,6.45,0.0,0.0,0.0,0.0,0.0,0.0,0.0,0.0,0.0,0.0,0.0,0.0,20.97,17.74,0.0,0.0,0.0,0.0,0.0,0.0,0.0,3.23,0.0,0.0
testAuthor,"[{'e': 'text', 't': 'Test Flair'}]",testFullname,test flair,reddit post body text,1644090115,,4178149386,False,6566701309,212007452,1,True,,,0.21539254,60,57.42,56.63,93.3,1.03,30.0,16.67,83.33,55.0,15.0,8.33,1.67,0.0,6.67,0.0,0.0,6.67,5.0,15.0,6.67,3.33,8.33,5.0,15.0,5.0,3.33,1.67,0.0,1.67,5.0,0.0,3.33,0.0,3.33,0.0,11.67,0.0,0.0,0.0,0.0,26.67,11.67,3.33,0.0,6.67,0.0,10.0,1.67,0.0,0.0,1.67,1.67,0.0,0.0,0.0,1.67,6.67,0.0,5.0,1.67,0.0,0.0,1.67,10.0,0.0,6.67,1.67,3.33,1.67,0.0,1.67,0.0,0.0,0.0,0.0,0.0,0.0,0.0,0.0,0.0,0.0,75.0,61.67,1.67,0.0,0.0,0.0,0.0,3.33,0.0,1.67,6.67,0.0
testAuthor,"[{'e': 'text', 't': 'Test Flair'}]",testFullname,test flair,reddit post body text,1644089716,,1083698763,False,1015939119,212007452,1,True,,,0.04131502,17,15.27,72.17,6.2,98.87,5.67,11.76,94.12,58.82,17.65,5.88,0.0,0.0,5.88,0.0,0.0,11.76,5.88,5.88,5.88,5.88,0.0,17.65,11.76,5.88,0.0,0.0,0.0,5.88,5.88,5.88,0.0,0.0,0.0,0.0,17.65,0.0,0.0,0.0,0.0,5.88,0.0,0.0,0.0,5.88,0.0,0.0,5.88,5.88,0.0,0.0,0.0,0.0,0.0,0.0,0.0,5.88,0.0,0.0,5.88,0.0,0.0,0.0,11.76,0.0,11.76,0.0,5.88,5.88,0.0,0.0,0.0,0.0,0.0,0.0,0.0,0.0,0.0,0.0,0.0,0.0,47.06,41.18,5.88,0.0,0.0,0.0,0.0,0.0,0.0,0.0,0.0,0.0
