id,userid,username,createdDate,conversationId,tweetText,retweet,reply,like,quotes,isRetweet,repliedToUserId,repliedToUsername,replyTweetId,toxicityScore,WC,Analytic,Clout,Authentic,Tone,WPS,Sixltr,Dic,function,pronoun,ppron,i,we,you,shehe,they,ipron,article,prep,auxverb,adverb,conj,negate,verb,adj,compare,interrog,number,quant,affect,posemo,negemo,anx,anger,sad,social,family,friend,female,male,cogproc,insight,cause,discrep,tentat,certain,differ,percept,see,hear,feel,bio,body,health,sexual,ingest,drives,affiliation,achieve,power,reward,risk,focuspast,focuspresent,focusfuture,relativ,motion,space,time,work,leisure,home,money,relig,death,informal,swear,netspeak,assent,nonflu,filler,AllPunc,Period,Comma,Colon,SemiC,QMark,Exclam,Dash,Quote,Apostro,Parenth,OtherP
3439080943,7375009180,testUsername,2022-01-02 18:24:28,4291211507,some text of a tweet,0,0,1,0,False,7375009180,replyUsername,6402790526,0.010412407,5,93.26,50.0,1.0,25.77,5.0,20.0,20.0,0.0,0.0,0.0,0.0,0.0,0.0,0.0,0.0,0.0,0.0,0.0,0.0,0.0,0.0,0.0,0.0,0.0,0.0,0.0,0.0,0.0,0.0,0.0,0.0,0.0,0.0,0.0,0.0,0.0,0.0,0.0,0.0,0.0,0.0,0.0,0.0,0.0,0.0,0.0,0.0,0.0,0.0,0.0,0.0,0.0,0.0,0.0,0.0,0.0,0.0,0.0,0.0,0.0,0.0,0.0,0.0,0.0,0.0,0.0,0.0,0.0,0.0,0.0,0.0,0.0,0.0,0.0,20.0,0.0,20.0,0.0,0.0,0.0,60.0,20.0,0.0,0.0,0.0,0.0,0.0,0.0,0.0,0.0,0.0,40.0
2146399080,6857702410,testUsername,2022-01-02 17:11:09,4291211507,some text of a tweet,0,0,0,0,False,7375009180,replyUsername,4291211507,0.010412407,1,93.26,50.0,1.0,25.77,1.0,100.0,0.0,0.0,0.0,0.0,0.0,0.0,0.0,0.0,0.0,0.0,0.0,0.0,0.0,0.0,0.0,0.0,0.0,0.0,0.0,0.0,0.0,0.0,0.0,0.0,0.0,0.0,0.0,0.0,0.0,0.0,0.0,0.0,0.0,0.0,0.0,0.0,0.0,0.0,0.0,0.0,0.0,0.0,0.0,0.0,0.0,0.0,0.0,0.0,0.0,0.0,0.0,0.0,0.0,0.0,0.0,0.0,0.0,0.0,0.0,0.0,0.0,0.0,0.0,0.0,0.0,0.0,0.0,0.0,0.0,0.0,0.0,0.0,0.0,0.0,100.0,0.0,0.0,0.0,0.0,0.0,0.0,0.0,0.0,0.0,0.0,100.0
6402790526,7375009180,testUsername,2022-01-02 16:11:53,4291211507,some text of a tweet,2,1,3,0,False,7375009180,replyUsername,4291211507,0.067320265,36,93.26,39.05,1.79,25.77,9.0,36.11,50.0,33.33,5.56,0.0,0.0,0.0,0.0,0.0,0.0,5.56,2.78,13.89,11.11,0.0,0.0,0.0,11.11,5.56,5.56,0.0,11.11,2.78,5.56,2.78,2.78,0.0,2.78,0.0,2.78,0.0,0.0,0.0,0.0,8.33,0.0,2.78,0.0,0.0,0.0,5.56,0.0,0.0,0.0,0.0,0.0,0.0,0.0,0.0,0.0,5.56,0.0,0.0,5.56,0.0,0.0,2.78,8.33,0.0,2.78,0.0,2.78,0.0,0.0,0.0,0.0,0.0,0.0,0.0,2.78,0.0,2.78,0.0,0.0,0.0,27.78,11.11,5.56,0.0,0.0,0.0,0.0,0.0,0.0,0.0,0.0,11.11
4199520348,1864158941,testUsername,2022-01-12 01:06:24,6558595543,some text of a tweet,0,0,1,0,False,1841686436,replyUsername,6558595543,0.5535644,36,69.3,50.0,11.8,1.0,18.0,19.44,77.78,50.0,19.44,8.33,2.78,0.0,2.78,0.0,2.78,11.11,8.33,11.11,11.11,0.0,2.78,0.0,19.44,0.0,0.0,2.78,0.0,2.78,5.56,0.0,5.56,0.0,5.56,0.0,5.56,0.0,0.0,0.0,0.0,11.11,2.78,0.0,8.33,2.78,0.0,2.78,0.0,0.0,0.0,0.0,2.78,2.78,0.0,0.0,0.0,5.56,0.0,0.0,2.78,2.78,0.0,0.0,11.11,0.0,13.89,5.56,8.33,0.0,0.0,0.0,0.0,2.78,0.0,0.0,2.78,2.78,0.0,0.0,0.0,0.0,19.44,2.78,0.0,0.0,0.0,2.78,0.0,5.56,0.0,2.78,0.0,5.56
2141118553,8775920007,testUsername,2022-01-11 17:02:40,6558595543,some text of a tweet,0,0,0,0,False,1841686436,replyUsername,6558595543,0.03736641,44,38.6,91.35,1.0,3.73,44.0,22.73,59.09,38.64,15.91,11.36,0.0,2.27,2.27,0.0,6.82,4.55,2.27,4.55,6.82,2.27,4.55,2.27,15.91,2.27,0.0,0.0,2.27,0.0,2.27,0.0,2.27,2.27,0.0,0.0,15.91,0.0,0.0,0.0,0.0,11.36,2.27,0.0,4.55,4.55,0.0,4.55,0.0,0.0,0.0,0.0,0.0,0.0,0.0,0.0,0.0,9.09,2.27,0.0,4.55,2.27,0.0,0.0,6.82,0.0,4.55,2.27,2.27,0.0,4.55,0.0,0.0,0.0,0.0,0.0,2.27,0.0,2.27,0.0,0.0,0.0,38.64,2.27,2.27,0.0,11.36,0.0,2.27,0.0,0.0,0.0,0.0,20.45
4557503061,3585968582,testUsername,2022-01-13 04:43:28,3856964558,some text of a tweet,0,0,0,0,False,1105456744,replyUsername,3856964558,0.0131890485,5,93.26,50.0,1.0,25.77,5.0,80.0,0.0,0.0,0.0,0.0,0.0,0.0,0.0,0.0,0.0,0.0,0.0,0.0,0.0,0.0,0.0,0.0,0.0,0.0,0.0,0.0,0.0,0.0,0.0,0.0,0.0,0.0,0.0,0.0,0.0,0.0,0.0,0.0,0.0,0.0,0.0,0.0,0.0,0.0,0.0,0.0,0.0,0.0,0.0,0.0,0.0,0.0,0.0,0.0,0.0,0.0,0.0,0.0,0.0,0.0,0.0,0.0,0.0,0.0,0.0,0.0,0.0,0.0,0.0,0.0,0.0,0.0,0.0,0.0,0.0,0.0,0.0,0.0,0.0,0.0,80.0,0.0,0.0,0.0,0.0,0.0,0.0,0.0,0.0,0.0,0.0,80.0
3025435789,2057893001,testUsername,2022-01-13 01:37:53,3856964558,some text of a tweet,0,0,0,0,False,1105456744,replyUsername,3856964558,0.0028460578,5,93.26,50.0,1.0,25.77,5.0,80.0,20.0,0.0,0.0,0.0,0.0,0.0,0.0,0.0,0.0,0.0,0.0,0.0,0.0,0.0,0.0,0.0,0.0,0.0,0.0,0.0,0.0,0.0,0.0,0.0,0.0,0.0,0.0,0.0,0.0,0.0,0.0,0.0,0.0,0.0,0.0,0.0,0.0,0.0,0.0,0.0,20.0,0.0,0.0,20.0,0.0,0.0,0.0,0.0,0.0,0.0,0.0,0.0,0.0,0.0,0.0,0.0,0.0,0.0,0.0,0.0,0.0,0.0,0.0,0.0,0.0,0.0,0.0,0.0,0.0,0.0,0.0,0.0,0.0,0.0,80.0,0.0,0.0,0.0,0.0,0.0,0.0,0.0,0.0,0.0,0.0,80.0
9615967871,5981882879,testUsername,2022-01-13 01:29:23,3856964558,some text of a tweet,0,0,0,0,False,1105456744,replyUsername,3856964558,0.057331093,21,55.4,31.71,13.15,95.81,21.0,33.33,76.19,47.62,4.76,4.76,0.0,0.0,0.0,0.0,4.76,0.0,0.0,14.29,4.76,9.52,9.52,4.76,9.52,4.76,0.0,0.0,0.0,0.0,4.76,4.76,0.0,0.0,0.0,0.0,9.52,0.0,0.0,0.0,0.0,19.05,0.0,9.52,0.0,0.0,0.0,9.52,0.0,0.0,0.0,0.0,4.76,4.76,0.0,0.0,0.0,9.52,0.0,0.0,9.52,0.0,0.0,0.0,4.76,0.0,4.76,4.76,0.0,0.0,0.0,0.0,0.0,0.0,0.0,0.0,0.0,0.0,0.0,0.0,0.0,0.0,9.52,4.76,0.0,0.0,0.0,0.0,0.0,0.0,0.0,0.0,0.0,4.76
2042085969,2442244584,testUsername,2022-01-12 17:59:59,3856964558,some text of a tweet,0,0,0,0,False,1105456744,replyUsername,3856964558,0.050242316,6,93.26,50.0,1.0,1.0,6.0,50.0,50.0,33.33,0.0,0.0,0.0,0.0,0.0,0.0,0.0,0.0,0.0,16.67,0.0,0.0,16.67,0.0,0.0,0.0,0.0,0.0,0.0,0.0,16.67,0.0,16.67,0.0,0.0,16.67,0.0,0.0,0.0,0.0,0.0,0.0,0.0,0.0,0.0,0.0,0.0,0.0,0.0,0.0,0.0,0.0,0.0,0.0,0.0,0.0,0.0,0.0,0.0,0.0,0.0,0.0,0.0,0.0,0.0,0.0,0.0,0.0,0.0,0.0,0.0,0.0,0.0,0.0,0.0,0.0,0.0,0.0,0.0,0.0,0.0,0.0,16.67,0.0,0.0,0.0,0.0,0.0,0.0,0.0,0.0,0.0,0.0,16.67
2620851043,2040942070,testUsername,2022-01-12 17:20:25,3856964558,some text of a tweet,0,0,0,0,False,1105456744,replyUsername,3856964558,0.012703137,45,93.26,81.29,1.0,1.0,22.5,28.89,64.44,28.89,6.67,4.44,0.0,0.0,0.0,0.0,4.44,2.22,2.22,13.33,8.89,0.0,0.0,0.0,11.11,4.44,2.22,0.0,2.22,2.22,4.44,0.0,4.44,0.0,0.0,2.22,8.89,0.0,0.0,0.0,0.0,13.33,2.22,2.22,2.22,2.22,4.44,0.0,2.22,0.0,2.22,0.0,0.0,0.0,0.0,0.0,0.0,8.89,0.0,2.22,8.89,0.0,0.0,0.0,6.67,0.0,4.44,0.0,4.44,0.0,8.89,0.0,0.0,6.67,0.0,0.0,2.22,0.0,2.22,0.0,0.0,0.0,26.67,6.67,4.44,0.0,0.0,0.0,0.0,2.22,0.0,2.22,0.0,11.11
4501851345,8200231227,testUsername,2022-01-12 16:51:58,3856964558,some text of a tweet,0,0,0,0,False,1105456744,replyUsername,3856964558,0.010412407,5,93.26,50.0,1.0,25.77,5.0,80.0,0.0,0.0,0.0,0.0,0.0,0.0,0.0,0.0,0.0,0.0,0.0,0.0,0.0,0.0,0.0,0.0,0.0,0.0,0.0,0.0,0.0,0.0,0.0,0.0,0.0,0.0,0.0,0.0,0.0,0.0,0.0,0.0,0.0,0.0,0.0,0.0,0.0,0.0,0.0,0.0,0.0,0.0,0.0,0.0,0.0,0.0,0.0,0.0,0.0,0.0,0.0,0.0,0.0,0.0,0.0,0.0,0.0,0.0,0.0,0.0,0.0,0.0,0.0,0.0,0.0,0.0,0.0,0.0,0.0,0.0,0.0,0.0,0.0,0.0,80.0,0.0,0.0,0.0,0.0,0.0,0.0,0.0,0.0,0.0,0.0,80.0
5232244766,7035761560,testUsername,2022-01-12 16:51:53,3856964558,some text of a tweet,0,0,0,0,False,1105456744,replyUsername,3856964558,0.010412407,5,93.26,50.0,1.0,25.77,5.0,80.0,0.0,0.0,0.0,0.0,0.0,0.0,0.0,0.0,0.0,0.0,0.0,0.0,0.0,0.0,0.0,0.0,0.0,0.0,0.0,0.0,0.0,0.0,0.0,0.0,0.0,0.0,0.0,0.0,0.0,0.0,0.0,0.0,0.0,0.0,0.0,0.0,0.0,0.0,0.0,0.0,0.0,0.0,0.0,0.0,0.0,0.0,0.0,0.0,0.0,0.0,0.0,0.0,0.0,0.0,0.0,0.0,0.0,0.0,0.0,0.0,0.0,0.0,0.0,0.0,0.0,0.0,0.0,0.0,0.0,0.0,0.0,0.0,0.0,0.0,80.0,0.0,0.0,0.0,0.0,0.0,0.0,0.0,0.0,0.0,0.0,80.0
8503987138,6327756954,testUsername,2022-01-12 16:51:44,3856964558,some text of a tweet,0,0,0,0,False,1105456744,replyUsername,3856964558,0.010412407,5,93.26,50.0,1.0,25.77,5.0,80.0,0.0,0.0,0.0,0.0,0.0,0.0,0.0,0.0,0.0,0.0,0.0,0.0,0.0,0.0,0.0,0.0,0.0,0.0,0.0,0.0,0.0,0.0,0.0,0.0,0.0,0.0,0.0,0.0,0.0,0.0,0.0,0.0,0.0,0.0,0.0,0.0,0.0,0.0,0.0,0.0,0.0,0.0,0.0,0.0,0.0,0.0,0.0,0.0,0.0,0.0,0.0,0.0,0.0,0.0,0.0,0.0,0.0,0.0,0.0,0.0,0.0,0.0,0.0,0.0,0.0,0.0,0.0,0.0,0.0,0.0,0.0,0.0,0.0,0.0,80.0,0.0,0.0,0.0,0.0,0.0,0.0,0.0,0.0,0.0,0.0,80.0
3226532461,572311669,testUsername,2022-01-12 16:26:30,3856964558,some text of a tweet,0,0,0,0,False,1105456744,replyUsername,3856964558,0.0042343787,5,93.26,50.0,1.0,25.77,5.0,80.0,0.0,0.0,0.0,0.0,0.0,0.0,0.0,0.0,0.0,0.0,0.0,0.0,0.0,0.0,0.0,0.0,0.0,0.0,0.0,0.0,0.0,0.0,0.0,0.0,0.0,0.0,0.0,0.0,0.0,0.0,0.0,0.0,0.0,0.0,0.0,0.0,0.0,0.0,0.0,0.0,0.0,0.0,0.0,0.0,0.0,0.0,0.0,0.0,0.0,0.0,0.0,0.0,0.0,0.0,0.0,0.0,0.0,0.0,0.0,0.0,0.0,0.0,0.0,0.0,0.0,0.0,0.0,0.0,0.0,0.0,0.0,0.0,0.0,0.0,80.0,0.0,0.0,0.0,0.0,0.0,0.0,0.0,0.0,0.0,0.0,80.0
6172629564,6736123480,testUsername,2022-01-12 16:05:51,3856964558,some text of a tweet,0,0,0,0,False,1105456744,replyUsername,3856964558,0.022945397,6,93.26,50.0,1.0,25.77,6.0,83.33,0.0,0.0,0.0,0.0,0.0,0.0,0.0,0.0,0.0,0.0,0.0,0.0,0.0,0.0,0.0,0.0,0.0,0.0,0.0,0.0,0.0,0.0,0.0,0.0,0.0,0.0,0.0,0.0,0.0,0.0,0.0,0.0,0.0,0.0,0.0,0.0,0.0,0.0,0.0,0.0,0.0,0.0,0.0,0.0,0.0,0.0,0.0,0.0,0.0,0.0,0.0,0.0,0.0,0.0,0.0,0.0,0.0,0.0,0.0,0.0,0.0,0.0,0.0,0.0,0.0,0.0,0.0,0.0,0.0,0.0,0.0,0.0,0.0,0.0,83.33,0.0,0.0,0.0,0.0,0.0,0.0,0.0,0.0,0.0,0.0,83.33
9284998704,664282519,testUsername,2022-01-12 16:01:39,3856964558,some text of a tweet,0,0,0,0,False,1105456744,replyUsername,3856964558,0.010412407,5,93.26,50.0,1.0,25.77,5.0,80.0,0.0,0.0,0.0,0.0,0.0,0.0,0.0,0.0,0.0,0.0,0.0,0.0,0.0,0.0,0.0,0.0,0.0,0.0,0.0,0.0,0.0,0.0,0.0,0.0,0.0,0.0,0.0,0.0,0.0,0.0,0.0,0.0,0.0,0.0,0.0,0.0,0.0,0.0,0.0,0.0,0.0,0.0,0.0,0.0,0.0,0.0,0.0,0.0,0.0,0.0,0.0,0.0,0.0,0.0,0.0,0.0,0.0,0.0,0.0,0.0,0.0,0.0,0.0,0.0,0.0,0.0,0.0,0.0,0.0,0.0,0.0,0.0,0.0,0.0,80.0,0.0,0.0,0.0,0.0,0.0,0.0,0.0,0.0,0.0,0.0,80.0
9599993539,1281312803,testUsername,2022-01-12 15:52:22,3856964558,some text of a tweet,0,0,0,0,False,1105456744,replyUsername,3856964558,0.010412407,5,93.26,50.0,1.0,25.77,5.0,80.0,0.0,0.0,0.0,0.0,0.0,0.0,0.0,0.0,0.0,0.0,0.0,0.0,0.0,0.0,0.0,0.0,0.0,0.0,0.0,0.0,0.0,0.0,0.0,0.0,0.0,0.0,0.0,0.0,0.0,0.0,0.0,0.0,0.0,0.0,0.0,0.0,0.0,0.0,0.0,0.0,0.0,0.0,0.0,0.0,0.0,0.0,0.0,0.0,0.0,0.0,0.0,0.0,0.0,0.0,0.0,0.0,0.0,0.0,0.0,0.0,0.0,0.0,0.0,0.0,0.0,0.0,0.0,0.0,0.0,0.0,0.0,0.0,0.0,0.0,80.0,0.0,0.0,0.0,0.0,0.0,0.0,0.0,0.0,0.0,0.0,80.0
4292499929,3677304603,testUsername,2022-01-12 15:46:47,3856964558,some text of a tweet,0,0,0,0,False,1105456744,replyUsername,3856964558,0.010412407,5,93.26,50.0,1.0,25.77,5.0,80.0,0.0,0.0,0.0,0.0,0.0,0.0,0.0,0.0,0.0,0.0,0.0,0.0,0.0,0.0,0.0,0.0,0.0,0.0,0.0,0.0,0.0,0.0,0.0,0.0,0.0,0.0,0.0,0.0,0.0,0.0,0.0,0.0,0.0,0.0,0.0,0.0,0.0,0.0,0.0,0.0,0.0,0.0,0.0,0.0,0.0,0.0,0.0,0.0,0.0,0.0,0.0,0.0,0.0,0.0,0.0,0.0,0.0,0.0,0.0,0.0,0.0,0.0,0.0,0.0,0.0,0.0,0.0,0.0,0.0,0.0,0.0,0.0,0.0,0.0,80.0,0.0,0.0,0.0,0.0,0.0,0.0,0.0,0.0,0.0,0.0,80.0
8441090611,8301575780,testUsername,2022-01-12 15:23:58,3856964558,some text of a tweet,0,0,0,0,False,1105456744,replyUsername,3856964558,0.010412407,5,93.26,50.0,1.0,25.77,5.0,80.0,0.0,0.0,0.0,0.0,0.0,0.0,0.0,0.0,0.0,0.0,0.0,0.0,0.0,0.0,0.0,0.0,0.0,0.0,0.0,0.0,0.0,0.0,0.0,0.0,0.0,0.0,0.0,0.0,0.0,0.0,0.0,0.0,0.0,0.0,0.0,0.0,0.0,0.0,0.0,0.0,0.0,0.0,0.0,0.0,0.0,0.0,0.0,0.0,0.0,0.0,0.0,0.0,0.0,0.0,0.0,0.0,0.0,0.0,0.0,0.0,0.0,0.0,0.0,0.0,0.0,0.0,0.0,0.0,0.0,0.0,0.0,0.0,0.0,0.0,80.0,0.0,0.0,0.0,0.0,0.0,0.0,0.0,0.0,0.0,0.0,80.0
8711499286,7523707042,testUsername,2022-01-12 15:18:42,3856964558,some text of a tweet,1,0,0,0,False,1105456744,replyUsername,3856964558,0.010412407,5,93.26,50.0,1.0,25.77,5.0,80.0,0.0,0.0,0.0,0.0,0.0,0.0,0.0,0.0,0.0,0.0,0.0,0.0,0.0,0.0,0.0,0.0,0.0,0.0,0.0,0.0,0.0,0.0,0.0,0.0,0.0,0.0,0.0,0.0,0.0,0.0,0.0,0.0,0.0,0.0,0.0,0.0,0.0,0.0,0.0,0.0,0.0,0.0,0.0,0.0,0.0,0.0,0.0,0.0,0.0,0.0,0.0,0.0,0.0,0.0,0.0,0.0,0.0,0.0,0.0,0.0,0.0,0.0,0.0,0.0,0.0,0.0,0.0,0.0,0.0,0.0,0.0,0.0,0.0,0.0,80.0,0.0,0.0,0.0,0.0,0.0,0.0,0.0,0.0,0.0,0.0,80.0
8408377850,8565946397,testUsername,2022-01-12 15:08:53,3856964558,some text of a tweet,0,0,0,0,False,1105456744,replyUsername,3856964558,0.010412407,5,93.26,50.0,1.0,25.77,5.0,80.0,0.0,0.0,0.0,0.0,0.0,0.0,0.0,0.0,0.0,0.0,0.0,0.0,0.0,0.0,0.0,0.0,0.0,0.0,0.0,0.0,0.0,0.0,0.0,0.0,0.0,0.0,0.0,0.0,0.0,0.0,0.0,0.0,0.0,0.0,0.0,0.0,0.0,0.0,0.0,0.0,0.0,0.0,0.0,0.0,0.0,0.0,0.0,0.0,0.0,0.0,0.0,0.0,0.0,0.0,0.0,0.0,0.0,0.0,0.0,0.0,0.0,0.0,0.0,0.0,0.0,0.0,0.0,0.0,0.0,0.0,0.0,0.0,0.0,0.0,80.0,0.0,0.0,0.0,0.0,0.0,0.0,0.0,0.0,0.0,0.0,80.0
8104883858,3976012531,testUsername,2022-01-12 15:06:00,3856964558,some text of a tweet,1,0,0,0,False,1105456744,replyUsername,3856964558,0.012564304,5,93.26,50.0,1.0,25.77,5.0,80.0,0.0,0.0,0.0,0.0,0.0,0.0,0.0,0.0,0.0,0.0,0.0,0.0,0.0,0.0,0.0,0.0,0.0,0.0,0.0,0.0,0.0,0.0,0.0,0.0,0.0,0.0,0.0,0.0,0.0,0.0,0.0,0.0,0.0,0.0,0.0,0.0,0.0,0.0,0.0,0.0,0.0,0.0,0.0,0.0,0.0,0.0,0.0,0.0,0.0,0.0,0.0,0.0,0.0,0.0,0.0,0.0,0.0,0.0,0.0,0.0,0.0,0.0,0.0,0.0,0.0,0.0,0.0,0.0,0.0,0.0,0.0,0.0,0.0,0.0,80.0,0.0,0.0,0.0,0.0,0.0,0.0,0.0,0.0,0.0,0.0,80.0
5579606646,3578269305,testUsername,2022-01-28 03:31:58,6988111565,some text of a tweet,0,1,0,0,False,2996888908,replyUsername,6988111565,0.101391904,12,38.6,99.0,1.0,25.77,12.0,16.67,66.67,50.0,16.67,16.67,0.0,0.0,0.0,0.0,16.67,0.0,8.33,8.33,8.33,8.33,8.33,0.0,16.67,0.0,0.0,8.33,0.0,0.0,0.0,0.0,0.0,0.0,0.0,0.0,25.0,0.0,8.33,0.0,8.33,8.33,0.0,8.33,0.0,0.0,0.0,0.0,0.0,0.0,0.0,0.0,0.0,0.0,0.0,0.0,0.0,8.33,0.0,0.0,0.0,8.33,0.0,0.0,8.33,8.33,0.0,0.0,0.0,0.0,0.0,0.0,0.0,0.0,0.0,0.0,0.0,0.0,0.0,0.0,0.0,0.0,25.0,0.0,0.0,0.0,0.0,8.33,0.0,0.0,0.0,0.0,0.0,16.67
2320100939,6031096171,testUsername,2022-01-28 02:44:46,6988111565,some text of a tweet,0,0,0,0,False,2996888908,replyUsername,8330147423,0.014299706,9,93.26,86.68,1.0,25.77,9.0,11.11,22.22,0.0,0.0,0.0,0.0,0.0,0.0,0.0,0.0,0.0,0.0,0.0,0.0,0.0,0.0,0.0,0.0,0.0,0.0,0.0,0.0,0.0,0.0,0.0,0.0,0.0,0.0,0.0,11.11,0.0,11.11,0.0,11.11,0.0,0.0,0.0,0.0,0.0,0.0,0.0,0.0,0.0,0.0,0.0,0.0,0.0,0.0,0.0,0.0,0.0,0.0,0.0,0.0,0.0,0.0,0.0,0.0,0.0,0.0,0.0,0.0,0.0,0.0,0.0,0.0,0.0,0.0,0.0,11.11,0.0,11.11,0.0,0.0,0.0,66.67,11.11,0.0,0.0,0.0,0.0,0.0,0.0,0.0,0.0,0.0,55.56
8330147423,2996888908,testUsername,2022-01-28 02:39:38,6988111565,some text of a tweet,0,1,0,0,False,6031096171,replyUsername,1605612891,0.007739889,7,93.26,50.0,1.0,25.77,7.0,42.86,14.29,0.0,0.0,0.0,0.0,0.0,0.0,0.0,0.0,0.0,0.0,0.0,0.0,0.0,0.0,0.0,0.0,0.0,0.0,0.0,0.0,0.0,0.0,0.0,0.0,0.0,0.0,0.0,0.0,0.0,0.0,0.0,0.0,0.0,0.0,0.0,0.0,0.0,0.0,0.0,0.0,0.0,0.0,0.0,0.0,0.0,0.0,0.0,0.0,0.0,0.0,0.0,0.0,0.0,0.0,0.0,0.0,0.0,0.0,0.0,0.0,0.0,0.0,0.0,0.0,0.0,0.0,0.0,14.29,0.0,14.29,0.0,0.0,0.0,71.43,14.29,0.0,0.0,0.0,0.0,0.0,0.0,0.0,0.0,0.0,57.14
7706783500,2996888908,testUsername,2022-01-28 02:38:46,6988111565,some text of a tweet,0,0,1,0,False,6031096171,replyUsername,1605612891,0.01263372,13,24.14,93.79,99.0,25.77,13.0,15.38,84.62,46.15,23.08,15.38,7.69,0.0,0.0,0.0,7.69,7.69,0.0,7.69,7.69,7.69,0.0,0.0,23.08,0.0,0.0,0.0,0.0,0.0,0.0,0.0,0.0,0.0,0.0,0.0,23.08,0.0,0.0,0.0,0.0,0.0,0.0,0.0,0.0,0.0,0.0,0.0,0.0,0.0,0.0,0.0,0.0,0.0,0.0,0.0,0.0,7.69,7.69,0.0,0.0,0.0,0.0,15.38,7.69,0.0,30.77,7.69,23.08,0.0,0.0,0.0,0.0,0.0,0.0,0.0,7.69,0.0,7.69,0.0,0.0,0.0,15.38,0.0,0.0,0.0,0.0,0.0,0.0,0.0,0.0,0.0,0.0,15.38
9764087520,5372112142,testUsername,2022-01-27 23:27:53,6988111565,some text of a tweet,0,0,0,0,False,2996888908,replyUsername,6988111565,0.029469188,7,93.26,92.33,1.0,25.77,7.0,14.29,28.57,0.0,0.0,0.0,0.0,0.0,0.0,0.0,0.0,0.0,0.0,0.0,0.0,0.0,0.0,0.0,0.0,0.0,0.0,0.0,0.0,0.0,0.0,0.0,0.0,0.0,0.0,0.0,14.29,0.0,14.29,0.0,14.29,0.0,0.0,0.0,0.0,0.0,0.0,0.0,0.0,0.0,0.0,0.0,0.0,0.0,0.0,0.0,0.0,0.0,0.0,0.0,0.0,0.0,0.0,0.0,0.0,0.0,0.0,0.0,0.0,0.0,0.0,0.0,0.0,0.0,0.0,0.0,14.29,0.0,14.29,0.0,0.0,0.0,71.43,14.29,0.0,0.0,0.0,0.0,0.0,0.0,0.0,0.0,0.0,57.14
4047160290,8723307659,testUsername,2022-01-27 20:22:28,6988111565,some text of a tweet,0,0,0,0,False,2996888908,replyUsername,6988111565,0.02262963,7,93.26,92.33,1.0,25.77,7.0,14.29,28.57,0.0,0.0,0.0,0.0,0.0,0.0,0.0,0.0,0.0,0.0,0.0,0.0,0.0,0.0,0.0,0.0,0.0,0.0,0.0,0.0,0.0,0.0,0.0,0.0,0.0,0.0,0.0,14.29,0.0,14.29,0.0,14.29,0.0,0.0,0.0,0.0,0.0,0.0,0.0,0.0,0.0,0.0,0.0,0.0,0.0,0.0,0.0,0.0,0.0,0.0,0.0,0.0,0.0,0.0,0.0,0.0,0.0,0.0,0.0,0.0,0.0,0.0,0.0,0.0,0.0,0.0,0.0,14.29,0.0,14.29,0.0,0.0,0.0,71.43,14.29,0.0,0.0,0.0,0.0,0.0,0.0,0.0,0.0,0.0,57.14
6301286743,7822398148,testUsername,2022-01-27 17:57:58,6988111565,some text of a tweet,0,0,0,0,False,2996888908,replyUsername,6988111565,0.13655609,55,37.38,81.84,2.4,25.77,13.75,10.91,83.64,50.91,12.73,10.91,0.0,0.0,7.27,0.0,3.64,1.82,7.27,9.09,9.09,5.45,7.27,7.27,27.27,3.64,3.64,0.0,1.82,0.0,3.64,1.82,1.82,0.0,1.82,0.0,16.36,0.0,1.82,0.0,1.82,12.73,0.0,0.0,5.45,1.82,0.0,7.27,5.45,0.0,5.45,0.0,0.0,0.0,0.0,0.0,0.0,7.27,0.0,0.0,1.82,5.45,0.0,0.0,23.64,0.0,7.27,5.45,1.82,0.0,1.82,0.0,0.0,1.82,0.0,0.0,1.82,0.0,0.0,1.82,0.0,0.0,18.18,5.45,3.64,0.0,0.0,0.0,0.0,0.0,0.0,5.45,0.0,3.64
4427432968,6151028868,testUsername,2022-01-27 04:05:41,6988111565,some text of a tweet,0,0,0,0,False,2996888908,replyUsername,6988111565,0.11794081,26,74.94,64.99,17.46,25.77,5.2,19.23,69.23,46.15,11.54,3.85,0.0,0.0,0.0,0.0,3.85,7.69,3.85,15.38,15.38,3.85,0.0,0.0,19.23,7.69,3.85,0.0,0.0,3.85,7.69,3.85,3.85,0.0,0.0,0.0,11.54,0.0,3.85,0.0,3.85,15.38,0.0,0.0,0.0,7.69,0.0,7.69,0.0,0.0,0.0,0.0,0.0,0.0,0.0,0.0,0.0,11.54,3.85,3.85,0.0,0.0,3.85,0.0,15.38,0.0,7.69,0.0,7.69,0.0,0.0,3.85,0.0,0.0,0.0,0.0,0.0,0.0,0.0,0.0,0.0,0.0,26.92,19.23,0.0,0.0,0.0,0.0,0.0,0.0,0.0,0.0,0.0,7.69
1277998916,9680891206,testUsername,2022-01-26 23:40:25,6988111565,some text of a tweet,0,1,0,0,False,2996888908,replyUsername,6988111565,0.8129004,4,99.0,99.0,74.76,25.77,4.0,0.0,50.0,25.0,0.0,0.0,0.0,0.0,0.0,0.0,0.0,0.0,0.0,25.0,0.0,0.0,0.0,0.0,0.0,0.0,0.0,0.0,0.0,0.0,0.0,0.0,0.0,0.0,0.0,0.0,25.0,0.0,25.0,0.0,25.0,0.0,0.0,0.0,0.0,0.0,0.0,0.0,0.0,0.0,0.0,0.0,0.0,0.0,0.0,0.0,0.0,0.0,0.0,0.0,0.0,0.0,0.0,0.0,0.0,0.0,25.0,0.0,25.0,0.0,0.0,0.0,0.0,0.0,0.0,0.0,0.0,0.0,0.0,0.0,0.0,0.0,50.0,0.0,0.0,0.0,0.0,0.0,0.0,0.0,0.0,0.0,0.0,50.0
3727668109,1408902076,testUsername,2022-01-26 22:05:30,6988111565,some text of a tweet,0,0,0,0,False,2996888908,replyUsername,6988111565,0.032559406,13,99.0,77.92,17.46,99.0,13.0,15.38,53.85,15.38,0.0,0.0,0.0,0.0,0.0,0.0,0.0,0.0,7.69,7.69,0.0,0.0,0.0,0.0,0.0,0.0,0.0,0.0,0.0,0.0,7.69,7.69,0.0,0.0,0.0,0.0,7.69,0.0,7.69,0.0,7.69,0.0,0.0,0.0,0.0,0.0,0.0,0.0,0.0,0.0,0.0,0.0,0.0,0.0,0.0,0.0,0.0,15.38,0.0,0.0,15.38,0.0,0.0,0.0,0.0,0.0,15.38,7.69,15.38,0.0,0.0,0.0,0.0,0.0,15.38,0.0,7.69,0.0,7.69,0.0,0.0,0.0,38.46,7.69,0.0,0.0,0.0,0.0,0.0,0.0,0.0,0.0,0.0,30.77
5001612737,700923404,testUsername,2022-01-26 19:53:45,6988111565,some text of a tweet,0,0,0,0,False,2996888908,replyUsername,6988111565,0.42631236,7,93.26,99.0,1.0,99.0,3.5,0.0,71.43,28.57,14.29,14.29,0.0,0.0,14.29,0.0,0.0,0.0,0.0,14.29,0.0,0.0,0.0,0.0,0.0,0.0,0.0,0.0,0.0,14.29,14.29,14.29,0.0,0.0,0.0,0.0,28.57,0.0,14.29,0.0,14.29,14.29,0.0,0.0,0.0,0.0,14.29,0.0,0.0,0.0,0.0,0.0,0.0,0.0,0.0,0.0,0.0,0.0,0.0,0.0,0.0,0.0,0.0,0.0,0.0,0.0,0.0,0.0,0.0,0.0,0.0,0.0,0.0,0.0,0.0,0.0,14.29,0.0,14.29,0.0,0.0,0.0,57.14,28.57,0.0,0.0,0.0,0.0,0.0,0.0,0.0,0.0,0.0,28.57
1279276354,115311396,testUsername,2022-01-26 16:43:06,6988111565,some text of a tweet,0,0,0,0,False,2996888908,replyUsername,6988111565,0.02193547,7,93.26,92.33,1.0,25.77,7.0,14.29,28.57,0.0,0.0,0.0,0.0,0.0,0.0,0.0,0.0,0.0,0.0,0.0,0.0,0.0,0.0,0.0,0.0,0.0,0.0,0.0,0.0,0.0,0.0,0.0,0.0,0.0,0.0,0.0,14.29,0.0,14.29,0.0,14.29,0.0,0.0,0.0,0.0,0.0,0.0,0.0,0.0,0.0,0.0,0.0,0.0,0.0,0.0,0.0,0.0,0.0,0.0,0.0,0.0,0.0,0.0,0.0,0.0,0.0,0.0,0.0,0.0,0.0,0.0,0.0,0.0,0.0,0.0,0.0,14.29,0.0,14.29,0.0,0.0,0.0,71.43,14.29,0.0,0.0,0.0,0.0,0.0,0.0,0.0,0.0,0.0,57.14
6034729784,44143325,testUsername,2022-01-26 10:25:40,6988111565,some text of a tweet,0,1,0,0,False,2996888908,replyUsername,6988111565,0.02054715,7,93.26,92.33,1.0,25.77,7.0,14.29,28.57,0.0,0.0,0.0,0.0,0.0,0.0,0.0,0.0,0.0,0.0,0.0,0.0,0.0,0.0,0.0,0.0,0.0,0.0,0.0,0.0,0.0,0.0,0.0,0.0,0.0,0.0,0.0,14.29,0.0,14.29,0.0,14.29,0.0,0.0,0.0,0.0,0.0,0.0,0.0,0.0,0.0,0.0,0.0,0.0,0.0,0.0,0.0,0.0,0.0,0.0,0.0,0.0,0.0,0.0,0.0,0.0,0.0,0.0,0.0,0.0,0.0,0.0,0.0,0.0,0.0,0.0,0.0,14.29,0.0,14.29,0.0,0.0,0.0,71.43,14.29,0.0,0.0,0.0,0.0,0.0,0.0,0.0,0.0,0.0,57.14
772420118,8723307659,testUsername,2022-01-25 23:48:24,6988111565,some text of a tweet,0,0,0,0,False,2996888908,replyUsername,6988111565,0.033246122,7,93.26,92.33,1.0,25.77,7.0,14.29,28.57,0.0,0.0,0.0,0.0,0.0,0.0,0.0,0.0,0.0,0.0,0.0,0.0,0.0,0.0,0.0,0.0,0.0,0.0,0.0,0.0,0.0,0.0,0.0,0.0,0.0,0.0,0.0,14.29,0.0,14.29,0.0,14.29,0.0,0.0,0.0,0.0,0.0,0.0,0.0,0.0,0.0,0.0,0.0,0.0,0.0,0.0,0.0,0.0,0.0,0.0,0.0,0.0,0.0,0.0,0.0,0.0,0.0,0.0,0.0,0.0,0.0,0.0,0.0,0.0,0.0,0.0,0.0,14.29,0.0,14.29,0.0,0.0,0.0,71.43,14.29,0.0,0.0,0.0,0.0,0.0,0.0,0.0,0.0,0.0,57.14
3805926132,561795863,testUsername,2022-01-25 05:19:03,6988111565,some text of a tweet,0,0,0,0,False,7849114353,replyUsername,3932641640,0.01721518,11,13.54,18.16,85.21,25.77,11.0,27.27,63.64,45.45,18.18,18.18,18.18,0.0,0.0,0.0,0.0,0.0,0.0,9.09,18.18,0.0,9.09,0.0,27.27,0.0,0.0,0.0,0.0,0.0,0.0,0.0,0.0,0.0,0.0,0.0,9.09,0.0,9.09,0.0,9.09,0.0,0.0,0.0,0.0,0.0,0.0,0.0,0.0,0.0,0.0,0.0,0.0,0.0,0.0,0.0,0.0,0.0,0.0,0.0,0.0,0.0,0.0,0.0,18.18,9.09,9.09,9.09,0.0,0.0,0.0,0.0,0.0,0.0,0.0,0.0,0.0,0.0,0.0,0.0,0.0,0.0,36.36,0.0,0.0,0.0,0.0,0.0,0.0,0.0,0.0,9.09,0.0,27.27
5119111118,561795863,testUsername,2022-01-25 05:17:53,6988111565,some text of a tweet,0,0,0,0,False,2382041688,replyUsername,1627079585,0.049212243,24,88.46,89.42,48.89,99.0,12.0,29.17,66.67,29.17,12.5,4.17,0.0,0.0,4.17,0.0,0.0,8.33,4.17,8.33,0.0,4.17,0.0,0.0,4.17,4.17,0.0,0.0,0.0,0.0,12.5,12.5,0.0,0.0,0.0,0.0,12.5,0.0,4.17,0.0,4.17,12.5,0.0,0.0,4.17,4.17,0.0,4.17,0.0,0.0,0.0,0.0,0.0,0.0,0.0,0.0,0.0,12.5,4.17,0.0,0.0,8.33,0.0,0.0,4.17,0.0,20.83,4.17,8.33,8.33,0.0,4.17,0.0,0.0,0.0,0.0,0.0,0.0,0.0,0.0,0.0,0.0,41.67,0.0,0.0,0.0,0.0,4.17,0.0,0.0,0.0,0.0,0.0,37.5
4259893544,4049537260,testUsername,2022-01-25 04:36:55,6988111565,some text of a tweet,0,0,0,0,False,6026391474,replyUsername,9382171429,0.81344116,18,46.37,99.0,58.07,1.0,18.0,22.22,72.22,33.33,16.67,11.11,0.0,0.0,11.11,0.0,0.0,5.56,0.0,11.11,5.56,5.56,5.56,0.0,11.11,5.56,0.0,5.56,0.0,5.56,11.11,0.0,11.11,0.0,11.11,0.0,22.22,0.0,5.56,0.0,5.56,5.56,0.0,0.0,0.0,5.56,0.0,0.0,0.0,0.0,0.0,0.0,0.0,0.0,0.0,0.0,0.0,0.0,0.0,0.0,0.0,0.0,0.0,0.0,11.11,0.0,22.22,0.0,16.67,5.56,0.0,0.0,0.0,0.0,5.56,0.0,5.56,5.56,0.0,0.0,0.0,0.0,44.44,0.0,0.0,0.0,0.0,0.0,0.0,0.0,0.0,5.56,0.0,38.89
8064365635,1776763275,testUsername,2022-01-24 19:43:16,6988111565,some text of a tweet,0,1,1,0,False,673334424,replyUsername,9742352092,0.0057962397,22,98.34,67.52,2.4,94.75,11.0,22.73,59.09,27.27,0.0,0.0,0.0,0.0,0.0,0.0,0.0,0.0,4.55,13.64,4.55,4.55,0.0,0.0,4.55,4.55,4.55,0.0,0.0,4.55,4.55,4.55,0.0,0.0,0.0,0.0,9.09,0.0,4.55,0.0,4.55,4.55,0.0,0.0,0.0,0.0,0.0,4.55,0.0,0.0,0.0,0.0,0.0,0.0,0.0,0.0,0.0,9.09,0.0,0.0,4.55,0.0,4.55,0.0,4.55,0.0,4.55,0.0,4.55,0.0,9.09,0.0,0.0,0.0,0.0,0.0,4.55,0.0,4.55,0.0,0.0,0.0,40.91,9.09,4.55,4.55,0.0,0.0,0.0,0.0,0.0,0.0,0.0,22.73
6121762600,3404181680,testUsername,2022-01-24 16:50:03,6988111565,some text of a tweet,0,0,0,0,False,2608022528,replyUsername,7159238960,0.0090240855,6,93.26,4.8,98.01,25.77,6.0,16.67,66.67,33.33,0.0,0.0,0.0,0.0,0.0,0.0,0.0,0.0,16.67,0.0,0.0,0.0,0.0,16.67,0.0,0.0,0.0,0.0,0.0,0.0,0.0,0.0,0.0,0.0,0.0,0.0,16.67,0.0,16.67,0.0,16.67,16.67,0.0,0.0,0.0,0.0,0.0,16.67,0.0,0.0,0.0,0.0,0.0,0.0,0.0,0.0,0.0,0.0,0.0,0.0,0.0,0.0,0.0,0.0,0.0,0.0,16.67,0.0,16.67,0.0,0.0,0.0,0.0,0.0,0.0,0.0,0.0,0.0,0.0,0.0,0.0,0.0,66.67,16.67,0.0,0.0,0.0,0.0,0.0,0.0,0.0,0.0,0.0,50.0
735919566,3350068354,testUsername,2022-01-24 15:15:41,6988111565,some text of a tweet,0,0,0,0,False,2382041688,replyUsername,8763518984,0.022074303,8,11.86,50.0,7.84,25.77,8.0,25.0,75.0,50.0,12.5,12.5,12.5,0.0,0.0,0.0,0.0,0.0,12.5,0.0,25.0,0.0,0.0,12.5,25.0,0.0,0.0,0.0,0.0,0.0,0.0,0.0,0.0,0.0,0.0,0.0,25.0,12.5,12.5,12.5,12.5,0.0,0.0,0.0,0.0,0.0,0.0,0.0,0.0,0.0,0.0,0.0,0.0,0.0,0.0,0.0,0.0,0.0,0.0,0.0,0.0,0.0,0.0,0.0,25.0,0.0,0.0,0.0,0.0,0.0,0.0,0.0,0.0,0.0,0.0,0.0,0.0,0.0,0.0,0.0,0.0,0.0,50.0,0.0,0.0,0.0,0.0,0.0,0.0,0.0,0.0,12.5,0.0,37.5
1605612891,6031096171,testUsername,2022-01-24 03:13:12,6988111565,some text of a tweet,0,2,2,0,False,2996888908,replyUsername,6988111565,0.05373499,12,81.63,20.24,23.51,25.77,6.0,16.67,66.67,33.33,0.0,0.0,0.0,0.0,0.0,0.0,0.0,0.0,8.33,8.33,0.0,8.33,8.33,8.33,8.33,0.0,0.0,0.0,0.0,0.0,0.0,0.0,0.0,0.0,0.0,0.0,8.33,0.0,8.33,0.0,8.33,8.33,0.0,0.0,0.0,0.0,0.0,8.33,8.33,8.33,0.0,0.0,0.0,0.0,0.0,0.0,0.0,8.33,0.0,0.0,0.0,8.33,0.0,0.0,16.67,0.0,8.33,0.0,0.0,8.33,0.0,0.0,0.0,0.0,0.0,0.0,0.0,0.0,0.0,0.0,0.0,0.0,41.67,8.33,0.0,0.0,0.0,8.33,0.0,0.0,0.0,0.0,0.0,25.0
7931638560,7697987112,testUsername,2022-01-24 02:53:25,6988111565,some text of a tweet,0,0,0,0,False,7697987112,replyUsername,4726010127,0.015063282,19,49.71,50.0,4.05,97.58,6.33,26.32,42.11,31.58,10.53,10.53,10.53,0.0,0.0,0.0,0.0,0.0,0.0,5.26,0.0,5.26,10.53,0.0,0.0,0.0,0.0,0.0,0.0,0.0,5.26,5.26,0.0,0.0,0.0,0.0,10.53,0.0,5.26,0.0,5.26,0.0,0.0,0.0,0.0,0.0,0.0,0.0,0.0,0.0,0.0,0.0,5.26,0.0,0.0,0.0,0.0,5.26,5.26,0.0,0.0,0.0,0.0,0.0,0.0,0.0,0.0,0.0,0.0,0.0,0.0,0.0,0.0,0.0,0.0,0.0,0.0,0.0,0.0,0.0,0.0,0.0,47.37,15.79,0.0,0.0,0.0,0.0,0.0,0.0,0.0,0.0,0.0,31.58
4726010127,7697987112,testUsername,2022-01-24 02:51:50,6988111565,some text of a tweet,0,1,0,0,False,6677427519,replyUsername,293976569,0.15159425,44,57.84,75.24,5.43,3.73,8.8,29.55,63.64,38.64,11.36,6.82,2.27,0.0,4.55,0.0,0.0,4.55,2.27,9.09,13.64,0.0,2.27,2.27,20.45,2.27,0.0,2.27,2.27,0.0,2.27,0.0,2.27,0.0,2.27,0.0,9.09,2.27,2.27,0.0,2.27,9.09,2.27,0.0,2.27,2.27,0.0,2.27,2.27,2.27,0.0,0.0,0.0,0.0,0.0,0.0,0.0,2.27,2.27,0.0,0.0,0.0,0.0,4.55,13.64,4.55,6.82,0.0,2.27,4.55,2.27,2.27,2.27,0.0,0.0,0.0,0.0,0.0,0.0,0.0,0.0,0.0,27.27,6.82,2.27,0.0,0.0,4.55,0.0,0.0,0.0,0.0,0.0,13.64
6675548353,2971636880,testUsername,2022-01-24 01:16:51,6988111565,some text of a tweet,0,0,0,0,False,1452379375,replyUsername,4837191195,0.263611,38,35.06,50.0,90.72,74.74,12.67,10.53,84.21,52.63,10.53,7.89,2.63,2.63,2.63,0.0,0.0,2.63,5.26,7.89,15.79,2.63,5.26,5.26,21.05,5.26,2.63,2.63,0.0,0.0,2.63,2.63,0.0,0.0,0.0,0.0,10.53,0.0,2.63,0.0,2.63,15.79,7.89,0.0,0.0,2.63,0.0,7.89,0.0,0.0,0.0,0.0,2.63,0.0,2.63,0.0,0.0,2.63,2.63,0.0,0.0,0.0,0.0,0.0,18.42,0.0,10.53,2.63,2.63,5.26,2.63,2.63,0.0,2.63,0.0,0.0,0.0,0.0,0.0,0.0,0.0,0.0,15.79,7.89,0.0,0.0,0.0,0.0,0.0,0.0,0.0,0.0,0.0,7.89
4837191195,1452379375,testUsername,2022-01-24 00:16:08,6988111565,some text of a tweet,0,1,0,0,False,2971636880,replyUsername,1903662831,0.020269485,9,4.69,98.62,1.0,25.77,9.0,44.44,77.78,44.44,11.11,0.0,0.0,0.0,0.0,0.0,0.0,11.11,0.0,0.0,11.11,11.11,11.11,0.0,22.22,0.0,0.0,0.0,0.0,0.0,0.0,0.0,0.0,0.0,0.0,0.0,22.22,0.0,11.11,0.0,11.11,22.22,0.0,11.11,0.0,11.11,0.0,0.0,0.0,0.0,0.0,0.0,0.0,0.0,0.0,0.0,0.0,0.0,0.0,0.0,0.0,0.0,0.0,11.11,11.11,0.0,0.0,0.0,0.0,0.0,11.11,0.0,0.0,0.0,0.0,0.0,0.0,0.0,0.0,0.0,0.0,0.0,33.33,0.0,0.0,0.0,0.0,0.0,0.0,0.0,0.0,0.0,0.0,33.33
8937285664,2422341169,testUsername,2022-01-23 16:56:42,6988111565,some text of a tweet,0,0,1,0,False,2996888908,replyUsername,6988111565,0.16035037,37,95.42,94.74,1.0,75.85,18.5,13.51,70.27,40.54,13.51,5.41,0.0,0.0,0.0,2.7,2.7,8.11,5.41,16.22,5.41,0.0,0.0,0.0,16.22,0.0,0.0,0.0,0.0,0.0,2.7,2.7,0.0,0.0,0.0,0.0,16.22,0.0,2.7,0.0,8.11,5.41,2.7,0.0,2.7,2.7,0.0,0.0,0.0,0.0,0.0,0.0,5.41,2.7,0.0,0.0,2.7,10.81,2.7,0.0,8.11,0.0,0.0,2.7,13.51,2.7,2.7,0.0,2.7,0.0,2.7,0.0,0.0,0.0,0.0,0.0,5.41,0.0,5.41,0.0,2.7,0.0,21.62,5.41,2.7,0.0,0.0,0.0,2.7,0.0,0.0,0.0,0.0,10.81
8416900871,983057358,testUsername,2022-01-23 06:47:14,6988111565,some text of a tweet,0,0,0,0,False,5937136858,replyUsername,7014168807,0.020824814,23,47.75,50.0,27.39,93.61,7.67,26.09,56.52,34.78,8.7,4.35,4.35,0.0,0.0,0.0,0.0,4.35,4.35,4.35,8.7,13.04,0.0,0.0,13.04,0.0,0.0,0.0,13.04,0.0,4.35,4.35,0.0,0.0,0.0,0.0,4.35,0.0,4.35,0.0,4.35,4.35,0.0,0.0,0.0,4.35,0.0,0.0,0.0,0.0,0.0,0.0,0.0,0.0,0.0,0.0,0.0,4.35,0.0,0.0,4.35,0.0,0.0,4.35,13.04,0.0,13.04,4.35,4.35,4.35,0.0,0.0,0.0,4.35,0.0,0.0,0.0,0.0,0.0,0.0,0.0,0.0,39.13,13.04,0.0,0.0,0.0,0.0,0.0,0.0,0.0,4.35,0.0,21.74
8211584561,983057358,testUsername,2022-01-23 06:43:21,6988111565,some text of a tweet,0,0,0,0,False,2111017046,replyUsername,8726272096,0.119228795,27,12.53,13.32,15.12,88.52,9.0,14.81,81.48,48.15,14.81,7.41,7.41,0.0,0.0,0.0,0.0,7.41,3.7,3.7,18.52,3.7,3.7,3.7,22.22,3.7,0.0,0.0,0.0,3.7,11.11,7.41,3.7,0.0,3.7,0.0,7.41,0.0,3.7,0.0,3.7,14.81,0.0,0.0,3.7,0.0,3.7,7.41,3.7,3.7,0.0,0.0,0.0,0.0,0.0,0.0,0.0,3.7,0.0,3.7,3.7,0.0,0.0,3.7,7.41,3.7,3.7,0.0,0.0,3.7,0.0,0.0,0.0,0.0,0.0,0.0,0.0,0.0,0.0,0.0,0.0,0.0,25.93,11.11,0.0,0.0,0.0,0.0,0.0,0.0,0.0,3.7,0.0,11.11
8822802714,600834775,testUsername,2022-01-22 16:30:32,6988111565,some text of a tweet,0,0,0,0,False,3519964886,replyUsername,5197445257,0.81344116,17,27.29,99.0,6.2,1.0,17.0,11.76,82.35,64.71,23.53,17.65,0.0,0.0,11.76,5.88,0.0,5.88,5.88,17.65,11.76,0.0,17.65,0.0,23.53,5.88,0.0,0.0,0.0,0.0,5.88,0.0,5.88,0.0,5.88,0.0,23.53,0.0,0.0,0.0,5.88,11.76,0.0,0.0,5.88,5.88,0.0,11.76,0.0,0.0,0.0,0.0,0.0,0.0,0.0,0.0,0.0,0.0,0.0,0.0,0.0,0.0,0.0,0.0,23.53,5.88,11.76,5.88,0.0,5.88,0.0,0.0,0.0,0.0,0.0,0.0,0.0,0.0,0.0,0.0,0.0,0.0,41.18,5.88,5.88,0.0,0.0,0.0,0.0,0.0,0.0,11.76,0.0,17.65
7512291516,9148704021,testUsername,2022-01-22 00:34:46,6988111565,some text of a tweet,0,1,0,0,False,2996888908,replyUsername,6988111565,0.020130653,7,93.26,92.33,1.0,25.77,7.0,14.29,28.57,0.0,0.0,0.0,0.0,0.0,0.0,0.0,0.0,0.0,0.0,0.0,0.0,0.0,0.0,0.0,0.0,0.0,0.0,0.0,0.0,0.0,0.0,0.0,0.0,0.0,0.0,0.0,14.29,0.0,14.29,0.0,14.29,0.0,0.0,0.0,0.0,0.0,0.0,0.0,0.0,0.0,0.0,0.0,0.0,0.0,0.0,0.0,0.0,0.0,0.0,0.0,0.0,0.0,0.0,0.0,0.0,0.0,0.0,0.0,0.0,0.0,0.0,0.0,0.0,0.0,0.0,0.0,14.29,0.0,14.29,0.0,0.0,0.0,71.43,14.29,0.0,0.0,0.0,0.0,0.0,0.0,0.0,0.0,0.0,57.14
209843671,2545623799,testUsername,2022-01-21 22:32:43,6988111565,some text of a tweet,0,0,0,0,False,1428380408,replyUsername,8271344906,0.42092466,19,77.17,70.08,4.05,1.0,9.5,36.84,73.68,31.58,0.0,0.0,0.0,0.0,0.0,0.0,0.0,0.0,5.26,5.26,10.53,5.26,5.26,0.0,21.05,0.0,0.0,0.0,0.0,10.53,5.26,0.0,5.26,0.0,5.26,0.0,10.53,0.0,5.26,0.0,5.26,21.05,5.26,5.26,0.0,5.26,5.26,0.0,0.0,0.0,0.0,0.0,0.0,0.0,0.0,0.0,0.0,10.53,0.0,0.0,5.26,5.26,0.0,0.0,15.79,0.0,5.26,5.26,0.0,0.0,0.0,0.0,0.0,0.0,0.0,0.0,5.26,5.26,0.0,0.0,0.0,0.0,31.58,15.79,0.0,0.0,0.0,0.0,0.0,0.0,0.0,0.0,0.0,15.79
721665758,4464446017,testUsername,2022-01-21 21:55:22,6988111565,some text of a tweet,0,0,0,0,False,1428380408,replyUsername,8271344906,0.008746422,11,93.26,81.84,85.21,25.77,11.0,27.27,63.64,27.27,9.09,9.09,9.09,0.0,0.0,0.0,0.0,0.0,0.0,18.18,0.0,9.09,0.0,0.0,0.0,18.18,18.18,0.0,0.0,0.0,0.0,0.0,0.0,0.0,0.0,0.0,18.18,0.0,9.09,0.0,9.09,9.09,0.0,0.0,0.0,9.09,0.0,0.0,0.0,0.0,0.0,0.0,0.0,0.0,0.0,0.0,0.0,0.0,0.0,0.0,0.0,0.0,0.0,0.0,0.0,0.0,18.18,0.0,0.0,18.18,0.0,0.0,0.0,0.0,0.0,0.0,9.09,0.0,9.09,0.0,0.0,9.09,36.36,0.0,0.0,0.0,0.0,0.0,0.0,0.0,0.0,9.09,0.0,27.27
3105565149,5112135968,testUsername,2022-01-21 14:22:49,6988111565,some text of a tweet,0,0,1,0,False,7849114353,replyUsername,3932641640,0.034104515,29,41.01,75.49,26.55,85.87,14.5,27.59,68.97,37.93,13.79,3.45,0.0,0.0,0.0,0.0,3.45,10.34,3.45,3.45,6.9,3.45,6.9,0.0,24.14,0.0,0.0,3.45,0.0,3.45,3.45,3.45,0.0,0.0,0.0,0.0,6.9,0.0,3.45,0.0,3.45,3.45,3.45,0.0,0.0,0.0,0.0,0.0,3.45,3.45,0.0,0.0,0.0,0.0,0.0,0.0,0.0,3.45,3.45,0.0,0.0,0.0,0.0,0.0,17.24,0.0,13.79,3.45,6.9,3.45,0.0,0.0,0.0,0.0,0.0,0.0,0.0,0.0,0.0,0.0,0.0,0.0,20.69,6.9,3.45,0.0,0.0,0.0,0.0,0.0,0.0,0.0,0.0,10.34
1131439595,1256116915,testUsername,2022-01-21 00:53:41,6988111565,some text of a tweet,0,0,0,0,False,9615857886,replyUsername,5537960441,0.021518974,14,97.73,50.0,99.0,25.77,14.0,14.29,64.29,35.71,7.14,7.14,7.14,0.0,0.0,0.0,0.0,0.0,7.14,14.29,0.0,7.14,0.0,0.0,7.14,0.0,0.0,0.0,14.29,0.0,0.0,0.0,0.0,0.0,0.0,0.0,7.14,0.0,7.14,0.0,7.14,0.0,0.0,0.0,0.0,0.0,0.0,0.0,0.0,0.0,0.0,0.0,0.0,0.0,0.0,0.0,0.0,7.14,0.0,0.0,7.14,0.0,0.0,7.14,7.14,0.0,28.57,7.14,14.29,7.14,0.0,7.14,0.0,7.14,0.0,0.0,0.0,0.0,0.0,0.0,0.0,0.0,57.14,0.0,7.14,0.0,0.0,0.0,14.29,7.14,0.0,0.0,0.0,28.57
5891261782,1256116915,testUsername,2022-01-21 00:52:10,6988111565,some text of a tweet,0,0,0,0,False,6677427519,replyUsername,4442168991,0.62792164,52,28.63,83.19,5.76,98.66,13.0,21.15,75.0,40.38,11.54,9.62,0.0,0.0,5.77,0.0,3.85,1.92,3.85,7.69,9.62,7.69,9.62,1.92,21.15,3.85,0.0,1.92,0.0,1.92,9.62,7.69,1.92,0.0,1.92,0.0,13.46,0.0,1.92,0.0,1.92,13.46,1.92,1.92,1.92,5.77,1.92,5.77,3.85,3.85,0.0,0.0,5.77,3.85,0.0,0.0,1.92,7.69,1.92,0.0,0.0,3.85,1.92,3.85,15.38,0.0,5.77,0.0,5.77,0.0,0.0,1.92,0.0,1.92,0.0,0.0,3.85,1.92,0.0,1.92,0.0,0.0,34.62,5.77,1.92,0.0,1.92,1.92,0.0,1.92,0.0,3.85,0.0,17.31
5662515902,8821079333,testUsername,2022-01-20 21:31:32,6988111565,some text of a tweet,0,0,1,0,False,3404181680,replyUsername,2906198739,0.031185975,10,93.26,84.14,1.0,25.77,10.0,30.0,20.0,0.0,0.0,0.0,0.0,0.0,0.0,0.0,0.0,0.0,0.0,0.0,0.0,0.0,0.0,0.0,0.0,0.0,0.0,0.0,10.0,0.0,0.0,0.0,0.0,0.0,0.0,0.0,10.0,0.0,10.0,0.0,10.0,0.0,0.0,0.0,0.0,0.0,0.0,0.0,0.0,0.0,0.0,0.0,0.0,0.0,0.0,0.0,0.0,0.0,0.0,0.0,0.0,0.0,0.0,0.0,0.0,0.0,0.0,0.0,0.0,0.0,0.0,0.0,0.0,0.0,0.0,0.0,10.0,0.0,10.0,0.0,0.0,0.0,90.0,10.0,0.0,0.0,0.0,0.0,0.0,0.0,0.0,0.0,0.0,80.0
3640941564,871500699,testUsername,2022-01-20 03:58:51,6988111565,some text of a tweet,0,1,0,0,False,2996888908,replyUsername,6988111565,0.24242763,30,52.71,99.0,1.0,99.0,15.0,20.0,90.0,56.67,23.33,16.67,0.0,0.0,16.67,0.0,0.0,6.67,6.67,13.33,13.33,3.33,0.0,0.0,23.33,0.0,0.0,0.0,0.0,10.0,13.33,13.33,0.0,0.0,0.0,0.0,26.67,0.0,3.33,0.0,3.33,16.67,0.0,0.0,3.33,0.0,10.0,3.33,0.0,0.0,0.0,0.0,0.0,0.0,0.0,0.0,0.0,6.67,0.0,3.33,0.0,3.33,3.33,0.0,16.67,0.0,3.33,0.0,3.33,0.0,0.0,0.0,0.0,3.33,0.0,0.0,0.0,0.0,0.0,0.0,0.0,0.0,23.33,6.67,3.33,0.0,0.0,0.0,0.0,0.0,3.33,3.33,0.0,6.67
7446208837,4347356786,testUsername,2022-01-20 01:32:43,6988111565,some text of a tweet,0,0,0,0,False,2996888908,replyUsername,6988111565,0.5818954,19,64.39,85.38,4.05,25.77,9.5,5.26,78.95,47.37,5.26,5.26,0.0,0.0,5.26,0.0,0.0,0.0,10.53,10.53,15.79,0.0,10.53,5.26,21.05,0.0,0.0,0.0,0.0,0.0,0.0,0.0,0.0,0.0,0.0,0.0,15.79,0.0,5.26,0.0,5.26,5.26,0.0,0.0,5.26,5.26,0.0,5.26,5.26,0.0,0.0,0.0,15.79,0.0,5.26,0.0,10.53,0.0,0.0,0.0,0.0,0.0,0.0,0.0,15.79,5.26,10.53,5.26,5.26,0.0,0.0,0.0,0.0,0.0,0.0,0.0,5.26,0.0,0.0,0.0,0.0,0.0,31.58,10.53,0.0,0.0,0.0,0.0,0.0,0.0,0.0,10.53,0.0,10.53
2779712110,7896779543,testUsername,2022-01-19 20:43:58,6988111565,some text of a tweet,0,0,0,0,False,2996888908,replyUsername,6988111565,0.44129625,34,90.07,99.0,28.81,1.76,11.33,14.71,79.41,50.0,11.76,11.76,0.0,0.0,11.76,0.0,0.0,0.0,8.82,14.71,8.82,0.0,5.88,0.0,11.76,2.94,0.0,0.0,0.0,0.0,2.94,0.0,2.94,0.0,2.94,0.0,20.59,0.0,5.88,0.0,5.88,5.88,0.0,2.94,0.0,0.0,0.0,2.94,0.0,0.0,0.0,0.0,2.94,2.94,0.0,0.0,0.0,0.0,0.0,0.0,0.0,0.0,0.0,0.0,11.76,2.94,14.71,8.82,2.94,2.94,0.0,0.0,0.0,0.0,0.0,0.0,0.0,0.0,0.0,0.0,0.0,0.0,14.71,5.88,0.0,0.0,0.0,0.0,0.0,2.94,0.0,0.0,0.0,5.88
1229367564,7731606174,testUsername,2022-01-19 19:04:23,6988111565,some text of a tweet,0,0,0,0,False,327027861,replyUsername,3122947504,0.34388447,11,80.14,50.0,31.94,25.77,11.0,27.27,63.64,45.45,9.09,9.09,9.09,0.0,0.0,0.0,0.0,0.0,0.0,18.18,9.09,9.09,0.0,0.0,9.09,0.0,0.0,0.0,0.0,0.0,0.0,0.0,0.0,0.0,0.0,0.0,9.09,0.0,9.09,0.0,9.09,0.0,0.0,0.0,0.0,0.0,0.0,0.0,9.09,9.09,0.0,0.0,0.0,0.0,0.0,0.0,0.0,0.0,0.0,0.0,0.0,0.0,0.0,0.0,9.09,0.0,9.09,0.0,9.09,0.0,0.0,0.0,0.0,0.0,0.0,0.0,0.0,0.0,0.0,0.0,0.0,0.0,27.27,0.0,0.0,0.0,0.0,0.0,0.0,0.0,0.0,0.0,0.0,27.27
6071820222,7327729599,testUsername,2022-01-19 18:42:19,6988111565,some text of a tweet,0,0,0,0,False,3404181680,replyUsername,2906198739,0.23628397,5,93.26,97.69,1.0,25.77,5.0,40.0,20.0,0.0,0.0,0.0,0.0,0.0,0.0,0.0,0.0,0.0,0.0,0.0,0.0,0.0,0.0,0.0,0.0,0.0,0.0,0.0,20.0,0.0,0.0,0.0,0.0,0.0,0.0,0.0,20.0,0.0,20.0,0.0,20.0,0.0,0.0,0.0,0.0,0.0,0.0,0.0,0.0,0.0,0.0,0.0,0.0,0.0,0.0,0.0,0.0,0.0,0.0,0.0,0.0,0.0,0.0,0.0,0.0,0.0,0.0,0.0,0.0,0.0,0.0,0.0,0.0,0.0,0.0,0.0,0.0,0.0,0.0,0.0,0.0,0.0,120.0,0.0,0.0,0.0,0.0,0.0,0.0,0.0,0.0,0.0,0.0,120.0
3932641640,7849114353,testUsername,2022-01-19 17:59:17,6988111565,some text of a tweet,0,2,1,0,False,2996888908,replyUsername,6988111565,0.06252546,37,15.54,70.57,21.26,97.99,12.33,8.11,89.19,62.16,24.32,10.81,2.7,2.7,5.41,0.0,0.0,13.51,5.41,10.81,8.11,8.11,5.41,5.41,16.22,5.41,0.0,2.7,0.0,8.11,5.41,5.41,0.0,0.0,0.0,0.0,13.51,0.0,2.7,0.0,2.7,13.51,0.0,0.0,0.0,0.0,5.41,8.11,0.0,0.0,0.0,0.0,0.0,0.0,0.0,0.0,0.0,8.11,2.7,0.0,0.0,2.7,2.7,5.41,10.81,0.0,5.41,0.0,2.7,2.7,0.0,0.0,0.0,0.0,0.0,0.0,0.0,0.0,0.0,0.0,0.0,0.0,24.32,5.41,0.0,0.0,0.0,0.0,5.41,2.7,0.0,5.41,0.0,5.41
3376914891,8831814110,testUsername,2022-01-19 17:04:28,6988111565,some text of a tweet,0,0,0,0,False,8452978433,replyUsername,6283469435,0.15001574,11,99.0,81.84,31.94,25.77,11.0,18.18,72.73,36.36,0.0,0.0,0.0,0.0,0.0,0.0,0.0,0.0,9.09,18.18,0.0,9.09,0.0,0.0,9.09,18.18,0.0,0.0,0.0,0.0,0.0,0.0,0.0,0.0,0.0,0.0,9.09,0.0,9.09,0.0,9.09,18.18,18.18,0.0,0.0,0.0,0.0,0.0,9.09,0.0,0.0,9.09,0.0,0.0,0.0,0.0,0.0,0.0,0.0,0.0,0.0,0.0,0.0,0.0,0.0,0.0,0.0,0.0,0.0,0.0,0.0,0.0,0.0,0.0,0.0,0.0,0.0,0.0,0.0,0.0,0.0,0.0,63.64,0.0,0.0,0.0,0.0,0.0,9.09,18.18,0.0,0.0,0.0,36.36
9057772174,5720560755,testUsername,2022-01-19 16:55:17,6988111565,some text of a tweet,0,0,0,0,False,2996888908,replyUsername,6988111565,0.026207292,10,98.58,84.14,43.37,25.77,5.0,0.0,40.0,10.0,0.0,0.0,0.0,0.0,0.0,0.0,0.0,0.0,0.0,10.0,0.0,0.0,0.0,0.0,10.0,0.0,0.0,0.0,0.0,0.0,0.0,0.0,0.0,0.0,0.0,0.0,10.0,0.0,10.0,0.0,10.0,0.0,0.0,0.0,0.0,0.0,0.0,0.0,0.0,0.0,0.0,0.0,0.0,0.0,0.0,0.0,0.0,10.0,0.0,0.0,10.0,0.0,0.0,0.0,10.0,0.0,20.0,10.0,10.0,0.0,0.0,0.0,0.0,0.0,0.0,0.0,10.0,0.0,10.0,0.0,0.0,0.0,60.0,20.0,0.0,0.0,0.0,0.0,0.0,0.0,0.0,0.0,0.0,40.0
491553472,4580000197,testUsername,2022-01-19 15:53:24,6988111565,some text of a tweet,0,0,0,0,False,2996888908,replyUsername,6988111565,0.8202001,36,95.47,71.09,4.97,1.0,12.0,16.67,86.11,38.89,5.56,2.78,0.0,0.0,2.78,0.0,0.0,2.78,16.67,5.56,5.56,5.56,2.78,0.0,11.11,8.33,5.56,0.0,0.0,2.78,16.67,5.56,11.11,0.0,8.33,2.78,5.56,0.0,2.78,0.0,2.78,11.11,2.78,0.0,0.0,5.56,2.78,0.0,0.0,0.0,0.0,0.0,5.56,5.56,0.0,0.0,0.0,8.33,0.0,0.0,2.78,5.56,0.0,0.0,5.56,2.78,8.33,0.0,8.33,0.0,2.78,0.0,0.0,0.0,0.0,0.0,5.56,2.78,0.0,0.0,2.78,0.0,11.11,2.78,0.0,0.0,0.0,2.78,0.0,0.0,0.0,0.0,0.0,5.56
3122947504,327027861,testUsername,2022-01-19 15:39:40,6988111565,some text of a tweet,0,2,0,0,False,2996888908,replyUsername,6988111565,0.3411882,23,5.4,9.62,99.0,25.77,11.5,4.35,91.3,52.17,17.39,8.7,4.35,0.0,4.35,0.0,0.0,8.7,4.35,4.35,13.04,8.7,4.35,8.7,13.04,8.7,4.35,0.0,0.0,13.04,0.0,0.0,0.0,0.0,0.0,0.0,13.04,0.0,8.7,0.0,8.7,30.43,8.7,4.35,0.0,4.35,0.0,17.39,0.0,0.0,0.0,0.0,0.0,0.0,0.0,0.0,0.0,0.0,0.0,0.0,0.0,0.0,0.0,8.7,4.35,4.35,17.39,0.0,8.7,17.39,4.35,0.0,0.0,4.35,0.0,0.0,0.0,0.0,0.0,0.0,0.0,0.0,21.74,0.0,0.0,0.0,0.0,4.35,0.0,0.0,0.0,8.7,0.0,8.7
5046232110,545978456,testUsername,2022-01-19 15:36:10,6988111565,some text of a tweet,0,0,1,0,False,220208032,replyUsername,809619211,0.35227737,10,98.58,84.14,1.0,25.77,10.0,30.0,50.0,30.0,10.0,0.0,0.0,0.0,0.0,0.0,0.0,10.0,10.0,10.0,0.0,0.0,0.0,0.0,0.0,0.0,0.0,10.0,0.0,10.0,0.0,0.0,0.0,0.0,0.0,0.0,10.0,0.0,10.0,0.0,10.0,0.0,0.0,0.0,0.0,0.0,0.0,0.0,0.0,0.0,0.0,0.0,0.0,0.0,0.0,0.0,0.0,0.0,0.0,0.0,0.0,0.0,0.0,0.0,0.0,0.0,0.0,0.0,0.0,0.0,0.0,0.0,0.0,0.0,0.0,0.0,0.0,0.0,0.0,0.0,0.0,0.0,60.0,0.0,0.0,0.0,0.0,0.0,10.0,0.0,0.0,0.0,0.0,50.0
6283469435,8452978433,testUsername,2022-01-19 15:21:55,6988111565,some text of a tweet,0,1,4,0,False,2996888908,replyUsername,6988111565,0.08635602,18,93.26,71.09,23.51,25.77,18.0,27.78,66.67,27.78,0.0,0.0,0.0,0.0,0.0,0.0,0.0,0.0,0.0,16.67,0.0,5.56,11.11,0.0,0.0,0.0,5.56,0.0,0.0,5.56,0.0,0.0,0.0,0.0,0.0,0.0,5.56,0.0,5.56,0.0,5.56,5.56,0.0,0.0,0.0,0.0,5.56,0.0,0.0,0.0,0.0,0.0,5.56,0.0,0.0,0.0,5.56,11.11,0.0,5.56,5.56,0.0,0.0,0.0,0.0,0.0,16.67,5.56,5.56,5.56,5.56,5.56,0.0,0.0,0.0,0.0,0.0,0.0,0.0,0.0,0.0,0.0,16.67,0.0,5.56,0.0,0.0,0.0,0.0,0.0,0.0,0.0,0.0,11.11
3863603369,6265468567,testUsername,2022-01-19 15:16:57,6988111565,some text of a tweet,0,0,0,0,False,4424750830,replyUsername,6788210535,0.017492844,6,62.04,95.2,1.0,25.77,6.0,50.0,50.0,16.67,0.0,0.0,0.0,0.0,0.0,0.0,0.0,0.0,0.0,0.0,16.67,0.0,0.0,0.0,16.67,0.0,0.0,0.0,0.0,0.0,0.0,0.0,0.0,0.0,0.0,0.0,16.67,0.0,16.67,0.0,16.67,0.0,0.0,0.0,0.0,0.0,0.0,0.0,0.0,0.0,0.0,0.0,0.0,0.0,0.0,0.0,0.0,16.67,0.0,0.0,0.0,0.0,16.67,0.0,16.67,0.0,0.0,0.0,0.0,0.0,0.0,0.0,0.0,0.0,0.0,0.0,0.0,0.0,0.0,0.0,0.0,0.0,66.67,0.0,0.0,0.0,0.0,0.0,0.0,0.0,0.0,0.0,0.0,66.67
2005131504,976853939,testUsername,2022-01-19 15:03:51,6988111565,some text of a tweet,0,0,1,0,False,2996888908,replyUsername,6988111565,0.16035037,7,99.0,92.33,99.0,25.77,3.5,0.0,85.71,28.57,0.0,0.0,0.0,0.0,0.0,0.0,0.0,0.0,14.29,14.29,0.0,0.0,0.0,0.0,14.29,0.0,0.0,0.0,0.0,0.0,0.0,0.0,0.0,0.0,0.0,0.0,14.29,0.0,14.29,0.0,14.29,0.0,0.0,0.0,0.0,0.0,0.0,0.0,0.0,0.0,0.0,0.0,0.0,0.0,0.0,0.0,0.0,28.57,0.0,0.0,14.29,0.0,14.29,0.0,14.29,0.0,42.86,14.29,14.29,14.29,0.0,14.29,0.0,0.0,0.0,0.0,0.0,0.0,0.0,0.0,0.0,0.0,57.14,28.57,0.0,0.0,0.0,0.0,0.0,0.0,0.0,0.0,0.0,28.57
6052034740,3801442120,testUsername,2022-01-19 14:50:45,6988111565,some text of a tweet,0,0,1,0,False,2996888908,replyUsername,6988111565,0.13521013,12,93.26,99.0,1.79,99.0,12.0,8.33,75.0,33.33,16.67,8.33,0.0,0.0,0.0,0.0,8.33,8.33,8.33,8.33,0.0,0.0,0.0,0.0,0.0,8.33,0.0,0.0,16.67,0.0,8.33,8.33,0.0,0.0,0.0,0.0,25.0,0.0,8.33,0.0,8.33,0.0,0.0,0.0,0.0,0.0,0.0,0.0,0.0,0.0,0.0,0.0,0.0,0.0,0.0,0.0,0.0,8.33,0.0,0.0,0.0,8.33,0.0,0.0,0.0,0.0,8.33,8.33,0.0,8.33,8.33,0.0,0.0,0.0,0.0,0.0,0.0,0.0,0.0,0.0,0.0,0.0,33.33,0.0,0.0,0.0,0.0,0.0,8.33,0.0,0.0,0.0,0.0,25.0
9544765099,8131483792,testUsername,2022-01-19 14:30:14,6988111565,some text of a tweet,0,0,14,1,False,2996888908,replyUsername,6988111565,0.04406188,28,9.53,98.33,1.06,25.77,14.0,32.14,85.71,53.57,21.43,17.86,3.57,0.0,0.0,0.0,14.29,3.57,3.57,3.57,7.14,7.14,10.71,0.0,14.29,0.0,0.0,0.0,0.0,3.57,7.14,3.57,3.57,0.0,0.0,0.0,25.0,3.57,3.57,0.0,3.57,3.57,0.0,0.0,0.0,0.0,3.57,0.0,0.0,0.0,0.0,0.0,0.0,0.0,0.0,0.0,0.0,14.29,3.57,0.0,3.57,3.57,3.57,0.0,14.29,0.0,3.57,0.0,3.57,0.0,7.14,3.57,3.57,0.0,0.0,0.0,0.0,0.0,0.0,0.0,0.0,0.0,14.29,7.14,0.0,0.0,0.0,0.0,0.0,0.0,0.0,0.0,0.0,7.14
511822618,5139138403,testUsername,2022-01-19 08:28:33,6988111565,some text of a tweet,1,0,1,0,False,2111017046,replyUsername,3501390164,0.092262976,40,25.89,99.0,1.0,72.57,13.33,17.5,90.0,57.5,17.5,15.0,2.5,5.0,2.5,0.0,5.0,2.5,2.5,15.0,10.0,10.0,10.0,0.0,22.5,0.0,0.0,5.0,0.0,0.0,2.5,2.5,0.0,0.0,0.0,0.0,20.0,0.0,2.5,0.0,2.5,12.5,2.5,5.0,5.0,0.0,0.0,0.0,5.0,5.0,0.0,0.0,0.0,0.0,0.0,0.0,0.0,17.5,7.5,0.0,12.5,0.0,0.0,0.0,22.5,0.0,2.5,0.0,0.0,2.5,5.0,0.0,0.0,0.0,0.0,0.0,2.5,0.0,0.0,2.5,0.0,0.0,15.0,7.5,0.0,0.0,0.0,0.0,0.0,0.0,0.0,0.0,0.0,7.5
3501390164,2111017046,testUsername,2022-01-19 04:09:16,6988111565,some text of a tweet,0,1,0,0,False,5139138403,replyUsername,7394828302,0.09387396,48,85.32,79.76,7.84,92.4,24.0,25.0,77.08,47.92,10.42,8.33,2.08,0.0,0.0,0.0,6.25,2.08,4.17,18.75,6.25,0.0,12.5,0.0,14.58,6.25,4.17,2.08,2.08,2.08,8.33,6.25,2.08,0.0,2.08,0.0,10.42,0.0,2.08,0.0,2.08,4.17,2.08,0.0,0.0,2.08,0.0,0.0,2.08,0.0,0.0,2.08,2.08,0.0,2.08,0.0,0.0,10.42,0.0,4.17,4.17,4.17,0.0,2.08,8.33,0.0,8.33,0.0,6.25,2.08,2.08,2.08,0.0,0.0,0.0,2.08,2.08,0.0,2.08,0.0,0.0,0.0,12.5,4.17,0.0,0.0,0.0,0.0,0.0,0.0,0.0,2.08,0.0,6.25
7394828302,5139138403,testUsername,2022-01-19 03:52:54,6988111565,some text of a tweet,0,1,1,0,False,2111017046,replyUsername,3966696310,0.028267438,39,77.75,50.0,46.75,73.64,6.5,28.21,79.49,43.59,15.38,10.26,5.13,2.56,2.56,0.0,0.0,5.13,2.56,15.38,7.69,0.0,2.56,2.56,7.69,5.13,0.0,2.56,0.0,0.0,7.69,5.13,2.56,0.0,0.0,0.0,7.69,0.0,2.56,0.0,2.56,7.69,2.56,0.0,0.0,0.0,0.0,5.13,2.56,0.0,0.0,0.0,0.0,0.0,0.0,0.0,0.0,10.26,2.56,2.56,2.56,0.0,2.56,0.0,12.82,0.0,7.69,2.56,5.13,0.0,10.26,0.0,0.0,2.56,0.0,0.0,0.0,0.0,0.0,0.0,0.0,0.0,28.21,12.82,2.56,0.0,0.0,2.56,0.0,0.0,0.0,2.56,0.0,7.69
3966696310,2111017046,testUsername,2022-01-19 03:49:12,6988111565,some text of a tweet,0,1,0,0,False,5139138403,replyUsername,2823001123,0.016798683,43,87.78,50.0,49.53,69.6,8.6,23.26,69.77,30.23,0.0,0.0,0.0,0.0,0.0,0.0,0.0,0.0,2.33,11.63,6.98,0.0,9.3,2.33,13.95,0.0,0.0,0.0,2.33,2.33,6.98,4.65,2.33,0.0,2.33,0.0,9.3,0.0,2.33,0.0,2.33,11.63,4.65,0.0,4.65,4.65,0.0,6.98,2.33,0.0,2.33,0.0,0.0,0.0,0.0,0.0,0.0,4.65,0.0,2.33,0.0,2.33,0.0,0.0,13.95,2.33,13.95,4.65,4.65,4.65,6.98,0.0,0.0,4.65,0.0,0.0,2.33,0.0,2.33,0.0,0.0,0.0,23.26,9.3,2.33,0.0,0.0,2.33,0.0,0.0,0.0,2.33,0.0,6.98
9643391694,8183505191,testUsername,2022-01-19 03:48:52,6988111565,some text of a tweet,0,0,1,0,False,3404181680,replyUsername,2906198739,0.017076347,8,72.69,99.0,1.0,25.77,8.0,25.0,25.0,12.5,12.5,12.5,0.0,12.5,0.0,0.0,0.0,0.0,0.0,0.0,0.0,0.0,0.0,0.0,0.0,0.0,0.0,0.0,12.5,0.0,0.0,0.0,0.0,0.0,0.0,0.0,25.0,0.0,12.5,0.0,12.5,0.0,0.0,0.0,0.0,0.0,0.0,0.0,0.0,0.0,0.0,0.0,0.0,0.0,0.0,0.0,0.0,12.5,12.5,0.0,0.0,0.0,0.0,0.0,0.0,0.0,0.0,0.0,0.0,0.0,0.0,0.0,0.0,0.0,0.0,0.0,0.0,0.0,0.0,0.0,0.0,0.0,75.0,0.0,0.0,0.0,0.0,0.0,0.0,0.0,0.0,0.0,0.0,75.0
2823001123,5139138403,testUsername,2022-01-19 03:15:53,6988111565,some text of a tweet,0,1,1,0,False,2111017046,replyUsername,6364322190,0.024490505,12,99.0,79.76,1.79,25.77,4.0,33.33,50.0,25.0,0.0,0.0,0.0,0.0,0.0,0.0,0.0,0.0,0.0,25.0,0.0,0.0,0.0,0.0,0.0,0.0,0.0,0.0,0.0,0.0,0.0,0.0,0.0,0.0,0.0,0.0,8.33,0.0,8.33,0.0,8.33,0.0,0.0,0.0,0.0,0.0,0.0,0.0,0.0,0.0,0.0,0.0,0.0,0.0,0.0,0.0,0.0,8.33,0.0,0.0,8.33,0.0,0.0,0.0,0.0,0.0,8.33,0.0,8.33,0.0,16.67,0.0,0.0,0.0,0.0,0.0,0.0,0.0,0.0,0.0,0.0,0.0,50.0,25.0,0.0,0.0,0.0,0.0,0.0,0.0,0.0,0.0,0.0,25.0
6364322190,2111017046,testUsername,2022-01-19 03:12:22,6988111565,some text of a tweet,0,1,0,0,False,5139138403,replyUsername,1764275680,0.0224908,16,93.26,10.58,74.76,99.0,5.33,25.0,75.0,50.0,6.25,0.0,0.0,0.0,0.0,0.0,0.0,6.25,6.25,25.0,0.0,6.25,12.5,6.25,0.0,0.0,0.0,6.25,0.0,0.0,6.25,6.25,0.0,0.0,0.0,0.0,6.25,0.0,6.25,0.0,6.25,12.5,0.0,0.0,0.0,6.25,0.0,12.5,0.0,0.0,0.0,0.0,0.0,0.0,0.0,0.0,0.0,6.25,0.0,0.0,6.25,0.0,0.0,0.0,0.0,0.0,12.5,0.0,12.5,0.0,6.25,0.0,0.0,0.0,0.0,0.0,0.0,0.0,0.0,0.0,0.0,0.0,37.5,0.0,0.0,0.0,0.0,18.75,0.0,0.0,0.0,0.0,0.0,18.75
1764275680,5139138403,testUsername,2022-01-19 03:10:47,6988111565,some text of a tweet,0,1,1,0,False,2111017046,replyUsername,6151694612,0.0186035,12,81.63,79.76,23.51,25.77,6.0,25.0,66.67,33.33,8.33,0.0,0.0,0.0,0.0,0.0,0.0,8.33,0.0,16.67,0.0,8.33,8.33,0.0,8.33,0.0,0.0,0.0,0.0,0.0,0.0,0.0,0.0,0.0,0.0,0.0,8.33,0.0,8.33,0.0,8.33,0.0,0.0,0.0,0.0,0.0,0.0,0.0,0.0,0.0,0.0,0.0,0.0,0.0,0.0,0.0,0.0,16.67,0.0,8.33,8.33,0.0,0.0,0.0,0.0,0.0,16.67,0.0,8.33,8.33,16.67,0.0,0.0,0.0,0.0,0.0,0.0,0.0,0.0,0.0,0.0,0.0,41.67,16.67,0.0,0.0,0.0,0.0,0.0,0.0,0.0,0.0,0.0,25.0
6151694612,2111017046,testUsername,2022-01-19 03:09:33,6988111565,some text of a tweet,0,1,0,0,False,5139138403,replyUsername,6808253091,0.016104523,8,72.69,99.0,74.76,99.0,4.0,12.5,62.5,37.5,12.5,12.5,0.0,12.5,0.0,0.0,0.0,0.0,0.0,12.5,0.0,0.0,12.5,0.0,0.0,12.5,0.0,0.0,0.0,0.0,12.5,12.5,0.0,0.0,0.0,0.0,25.0,0.0,12.5,0.0,12.5,12.5,0.0,0.0,0.0,12.5,0.0,12.5,0.0,0.0,0.0,0.0,0.0,0.0,0.0,0.0,0.0,12.5,12.5,0.0,0.0,0.0,0.0,0.0,0.0,0.0,12.5,0.0,12.5,0.0,0.0,0.0,0.0,0.0,0.0,0.0,0.0,0.0,0.0,0.0,0.0,0.0,62.5,12.5,0.0,0.0,0.0,12.5,0.0,0.0,0.0,0.0,0.0,37.5
632168124,3404181680,testUsername,2022-01-19 02:27:28,6988111565,some text of a tweet,0,0,0,0,False,8266466438,replyUsername,3256851477,0.0129808,10,8.69,97.69,93.3,99.0,10.0,10.0,90.0,40.0,40.0,30.0,20.0,0.0,10.0,0.0,0.0,10.0,0.0,0.0,0.0,0.0,0.0,0.0,10.0,0.0,0.0,0.0,0.0,0.0,10.0,10.0,0.0,0.0,0.0,0.0,30.0,0.0,10.0,0.0,10.0,10.0,0.0,10.0,0.0,0.0,0.0,0.0,10.0,10.0,0.0,0.0,10.0,0.0,0.0,0.0,0.0,10.0,10.0,0.0,0.0,0.0,0.0,10.0,0.0,0.0,10.0,0.0,0.0,10.0,0.0,0.0,0.0,0.0,0.0,0.0,10.0,0.0,10.0,0.0,0.0,0.0,50.0,0.0,0.0,0.0,0.0,0.0,20.0,0.0,0.0,0.0,0.0,30.0
6808253091,5139138403,testUsername,2022-01-19 02:04:34,6988111565,some text of a tweet,0,1,1,0,False,2111017046,replyUsername,213049427,0.03204437,31,98.49,90.14,60.4,83.22,15.5,29.03,80.65,48.39,9.68,3.23,0.0,3.23,0.0,0.0,0.0,6.45,6.45,22.58,3.23,3.23,3.23,0.0,6.45,3.23,0.0,0.0,0.0,0.0,9.68,6.45,3.23,0.0,0.0,0.0,12.9,0.0,3.23,0.0,3.23,6.45,0.0,3.23,0.0,0.0,0.0,3.23,3.23,0.0,3.23,0.0,0.0,0.0,0.0,0.0,0.0,6.45,3.23,3.23,0.0,0.0,0.0,0.0,9.68,0.0,19.35,0.0,9.68,9.68,0.0,0.0,0.0,0.0,0.0,0.0,0.0,0.0,0.0,0.0,0.0,0.0,16.13,6.45,0.0,0.0,0.0,0.0,0.0,0.0,0.0,0.0,0.0,9.68
643907540,2111017046,testUsername,2022-01-19 01:47:16,6988111565,some text of a tweet,0,0,1,0,False,5139138403,replyUsername,3989173049,0.06851897,16,1.0,96.95,1.0,1.0,16.0,25.0,75.0,50.0,31.25,12.5,0.0,0.0,0.0,0.0,12.5,18.75,0.0,0.0,12.5,6.25,6.25,6.25,18.75,0.0,0.0,0.0,0.0,0.0,6.25,0.0,6.25,0.0,0.0,6.25,25.0,0.0,6.25,0.0,6.25,6.25,0.0,6.25,0.0,0.0,0.0,0.0,0.0,0.0,0.0,0.0,6.25,0.0,6.25,0.0,0.0,6.25,0.0,6.25,0.0,0.0,6.25,0.0,12.5,6.25,0.0,0.0,0.0,0.0,0.0,6.25,0.0,0.0,0.0,0.0,0.0,0.0,0.0,0.0,0.0,0.0,37.5,6.25,0.0,0.0,0.0,0.0,0.0,0.0,0.0,12.5,0.0,18.75
213049427,2111017046,testUsername,2022-01-19 01:46:07,6988111565,some text of a tweet,0,1,0,0,False,5139138403,replyUsername,3989173049,0.118584804,46,47.75,80.77,9.25,93.61,11.5,21.74,73.91,52.17,13.04,6.52,0.0,2.17,2.17,0.0,2.17,6.52,10.87,6.52,15.22,6.52,2.17,2.17,19.57,0.0,0.0,4.35,0.0,0.0,4.35,4.35,0.0,0.0,0.0,0.0,8.7,0.0,2.17,0.0,2.17,8.7,4.35,2.17,0.0,0.0,0.0,2.17,0.0,0.0,0.0,0.0,0.0,0.0,0.0,0.0,0.0,8.7,2.17,2.17,6.52,0.0,0.0,2.17,21.74,0.0,6.52,2.17,4.35,0.0,6.52,0.0,0.0,0.0,0.0,0.0,2.17,0.0,0.0,2.17,0.0,0.0,28.26,8.7,2.17,0.0,0.0,0.0,0.0,0.0,0.0,10.87,0.0,6.52
3989173049,5139138403,testUsername,2022-01-19 01:33:56,6988111565,some text of a tweet,0,2,1,0,False,2111017046,replyUsername,8726272096,0.29558796,15,70.69,90.87,82.75,25.77,15.0,26.67,80.0,46.67,6.67,6.67,0.0,0.0,6.67,0.0,0.0,0.0,6.67,13.33,13.33,6.67,6.67,0.0,13.33,0.0,0.0,0.0,0.0,0.0,0.0,0.0,0.0,0.0,0.0,0.0,13.33,0.0,6.67,0.0,6.67,6.67,0.0,0.0,0.0,0.0,0.0,6.67,0.0,0.0,0.0,0.0,0.0,0.0,0.0,0.0,0.0,26.67,0.0,0.0,26.67,0.0,0.0,0.0,20.0,0.0,20.0,0.0,13.33,6.67,20.0,0.0,0.0,0.0,0.0,0.0,0.0,0.0,0.0,0.0,0.0,0.0,33.33,6.67,0.0,0.0,0.0,0.0,0.0,0.0,0.0,6.67,0.0,20.0
6088014547,6733095307,testUsername,2022-01-18 21:24:15,6988111565,some text of a tweet,0,1,0,0,False,2996888908,replyUsername,6988111565,0.064523295,13,24.14,99.0,17.46,99.0,6.5,23.08,92.31,46.15,30.77,23.08,0.0,15.38,7.69,0.0,0.0,7.69,0.0,7.69,0.0,7.69,0.0,0.0,15.38,0.0,0.0,0.0,0.0,7.69,7.69,7.69,0.0,0.0,0.0,0.0,53.85,0.0,7.69,0.0,7.69,7.69,0.0,0.0,0.0,0.0,7.69,0.0,0.0,0.0,0.0,0.0,0.0,0.0,0.0,0.0,0.0,23.08,23.08,0.0,0.0,0.0,0.0,0.0,15.38,0.0,15.38,0.0,15.38,0.0,0.0,0.0,0.0,0.0,0.0,0.0,7.69,0.0,0.0,0.0,0.0,0.0,46.15,7.69,7.69,0.0,0.0,0.0,7.69,0.0,0.0,7.69,0.0,15.38
1882102779,2230545417,testUsername,2022-01-18 17:07:45,6988111565,some text of a tweet,0,0,0,0,False,2996888908,replyUsername,6166828427,0.016104523,5,52.71,50.0,99.0,25.77,5.0,20.0,80.0,20.0,20.0,20.0,20.0,0.0,0.0,0.0,0.0,0.0,0.0,0.0,0.0,0.0,0.0,0.0,20.0,0.0,0.0,0.0,0.0,0.0,0.0,0.0,0.0,0.0,0.0,0.0,20.0,0.0,20.0,0.0,20.0,0.0,0.0,0.0,0.0,0.0,0.0,0.0,20.0,20.0,0.0,0.0,0.0,0.0,0.0,0.0,0.0,0.0,0.0,0.0,0.0,0.0,0.0,0.0,20.0,0.0,20.0,0.0,0.0,20.0,0.0,0.0,0.0,0.0,0.0,0.0,0.0,0.0,0.0,0.0,0.0,0.0,60.0,20.0,0.0,0.0,0.0,0.0,0.0,0.0,0.0,0.0,0.0,40.0
6166828427,2996888908,testUsername,2022-01-18 17:04:32,6988111565,some text of a tweet,0,1,1,0,False,2230545417,replyUsername,6188361025,0.029640866,8,38.6,10.58,74.76,25.77,8.0,12.5,87.5,50.0,12.5,12.5,12.5,0.0,0.0,0.0,0.0,0.0,12.5,0.0,12.5,12.5,0.0,0.0,25.0,0.0,0.0,0.0,0.0,0.0,0.0,0.0,0.0,0.0,0.0,0.0,0.0,0.0,0.0,0.0,0.0,0.0,0.0,0.0,0.0,0.0,0.0,0.0,0.0,0.0,0.0,0.0,0.0,0.0,0.0,0.0,0.0,0.0,0.0,0.0,0.0,0.0,0.0,0.0,25.0,0.0,12.5,12.5,0.0,0.0,0.0,0.0,0.0,12.5,0.0,0.0,12.5,0.0,0.0,12.5,0.0,0.0,12.5,0.0,0.0,0.0,0.0,0.0,0.0,0.0,0.0,0.0,0.0,12.5
5865789083,2996888908,testUsername,2022-01-18 08:11:58,6988111565,some text of a tweet,0,0,2,0,False,9872516116,replyUsername,9887046225,0.012217224,9,4.69,50.0,4.97,25.77,9.0,22.22,66.67,44.44,22.22,11.11,11.11,0.0,0.0,0.0,0.0,11.11,0.0,0.0,11.11,11.11,0.0,0.0,11.11,0.0,0.0,0.0,0.0,11.11,0.0,0.0,0.0,0.0,0.0,0.0,11.11,0.0,0.0,0.0,0.0,11.11,0.0,0.0,0.0,0.0,11.11,0.0,0.0,0.0,0.0,0.0,0.0,0.0,0.0,0.0,0.0,11.11,11.11,0.0,0.0,0.0,0.0,0.0,11.11,0.0,0.0,0.0,0.0,0.0,0.0,0.0,0.0,0.0,0.0,0.0,0.0,0.0,0.0,0.0,0.0,0.0,22.22,0.0,0.0,0.0,0.0,0.0,0.0,0.0,0.0,0.0,0.0,22.22
6589679526,4390468866,testUsername,2022-01-18 03:29:44,6988111565,some text of a tweet,0,0,1,0,False,2996888908,replyUsername,6988111565,0.0055532837,7,29.3,99.0,13.15,99.0,7.0,14.29,71.43,42.86,28.57,28.57,14.29,0.0,14.29,0.0,0.0,0.0,0.0,14.29,14.29,0.0,0.0,0.0,14.29,0.0,0.0,0.0,0.0,0.0,14.29,14.29,0.0,0.0,0.0,0.0,28.57,0.0,14.29,0.0,14.29,0.0,0.0,0.0,0.0,0.0,0.0,0.0,0.0,0.0,0.0,0.0,0.0,0.0,0.0,0.0,0.0,14.29,0.0,14.29,0.0,0.0,0.0,0.0,14.29,0.0,0.0,0.0,0.0,0.0,0.0,0.0,0.0,0.0,0.0,0.0,0.0,0.0,0.0,0.0,0.0,0.0,100.0,0.0,0.0,0.0,0.0,0.0,42.86,0.0,0.0,14.29,0.0,42.86
9084278163,9843445366,testUsername,2022-01-17 22:53:19,6988111565,some text of a tweet,0,0,0,0,False,2996888908,replyUsername,6988111565,0.13251819,55,98.34,70.74,2.4,5.95,55.0,14.55,58.18,32.73,3.64,0.0,0.0,0.0,0.0,0.0,0.0,3.64,1.82,21.82,1.82,1.82,7.27,0.0,9.09,3.64,3.64,0.0,1.82,3.64,1.82,0.0,1.82,0.0,1.82,0.0,5.45,0.0,1.82,0.0,3.64,7.27,0.0,1.82,3.64,0.0,3.64,0.0,1.82,1.82,0.0,0.0,1.82,0.0,1.82,0.0,0.0,5.45,0.0,0.0,3.64,0.0,1.82,1.82,5.45,0.0,12.73,1.82,10.91,1.82,0.0,0.0,0.0,0.0,0.0,0.0,1.82,0.0,1.82,0.0,0.0,0.0,9.09,1.82,0.0,0.0,0.0,0.0,0.0,0.0,0.0,0.0,0.0,7.27
5631035859,2087079000,testUsername,2022-01-17 22:38:57,6988111565,some text of a tweet,0,0,0,0,False,2996888908,replyUsername,44499961,0.2752517,18,46.37,71.09,4.97,25.77,9.0,22.22,94.44,50.0,11.11,0.0,0.0,0.0,0.0,0.0,0.0,11.11,0.0,16.67,16.67,0.0,5.56,5.56,16.67,5.56,5.56,0.0,0.0,0.0,11.11,5.56,5.56,0.0,0.0,5.56,11.11,0.0,11.11,0.0,11.11,5.56,5.56,0.0,0.0,0.0,5.56,0.0,0.0,0.0,0.0,0.0,11.11,0.0,11.11,0.0,0.0,22.22,0.0,0.0,16.67,0.0,5.56,0.0,16.67,0.0,5.56,0.0,5.56,0.0,5.56,0.0,0.0,0.0,0.0,0.0,0.0,0.0,0.0,0.0,0.0,0.0,22.22,5.56,0.0,0.0,0.0,0.0,0.0,0.0,0.0,5.56,0.0,11.11
44499961,2996888908,testUsername,2022-01-17 22:36:52,6988111565,some text of a tweet,0,1,0,0,False,2087079000,replyUsername,2715898847,0.023632111,11,1.0,50.0,99.0,99.0,5.5,18.18,90.91,54.55,27.27,18.18,9.09,0.0,0.0,0.0,9.09,9.09,0.0,0.0,18.18,0.0,9.09,0.0,27.27,9.09,0.0,0.0,0.0,0.0,9.09,9.09,0.0,0.0,0.0,0.0,9.09,0.0,0.0,0.0,0.0,18.18,18.18,9.09,0.0,0.0,9.09,0.0,0.0,0.0,0.0,0.0,0.0,0.0,0.0,0.0,0.0,9.09,0.0,0.0,0.0,0.0,9.09,0.0,18.18,9.09,9.09,0.0,0.0,9.09,0.0,0.0,0.0,0.0,0.0,0.0,0.0,0.0,0.0,0.0,0.0,0.0,27.27,18.18,0.0,0.0,0.0,0.0,0.0,0.0,0.0,0.0,0.0,9.09
2715898847,2087079000,testUsername,2022-01-17 22:33:15,6988111565,some text of a tweet,0,1,0,0,False,2996888908,replyUsername,448500536,0.35756677,8,72.69,99.0,1.0,99.0,4.0,0.0,75.0,25.0,12.5,0.0,0.0,0.0,0.0,0.0,0.0,12.5,12.5,0.0,12.5,0.0,0.0,0.0,25.0,12.5,0.0,0.0,0.0,0.0,12.5,12.5,0.0,0.0,0.0,0.0,25.0,0.0,12.5,0.0,12.5,0.0,0.0,0.0,0.0,0.0,0.0,0.0,0.0,0.0,0.0,0.0,0.0,0.0,0.0,0.0,0.0,12.5,0.0,0.0,0.0,12.5,0.0,0.0,25.0,0.0,0.0,0.0,0.0,0.0,0.0,0.0,0.0,0.0,0.0,0.0,0.0,0.0,0.0,0.0,0.0,0.0,50.0,12.5,0.0,0.0,0.0,0.0,0.0,0.0,0.0,12.5,0.0,25.0
448500536,2996888908,testUsername,2022-01-17 22:28:39,6988111565,some text of a tweet,0,1,0,0,False,2087079000,replyUsername,8103489440,0.054534122,8,11.86,99.0,7.84,25.77,8.0,12.5,75.0,62.5,25.0,25.0,0.0,0.0,25.0,0.0,0.0,0.0,0.0,12.5,25.0,0.0,0.0,0.0,25.0,0.0,0.0,0.0,0.0,0.0,0.0,0.0,0.0,0.0,0.0,0.0,25.0,0.0,0.0,0.0,0.0,0.0,0.0,0.0,0.0,0.0,0.0,0.0,0.0,0.0,0.0,0.0,12.5,0.0,0.0,0.0,12.5,0.0,0.0,0.0,0.0,0.0,0.0,0.0,25.0,0.0,12.5,0.0,12.5,0.0,0.0,0.0,0.0,0.0,0.0,0.0,0.0,0.0,0.0,0.0,0.0,0.0,25.0,0.0,0.0,0.0,0.0,12.5,0.0,0.0,0.0,0.0,0.0,12.5
8103489440,2087079000,testUsername,2022-01-17 22:26:40,6988111565,some text of a tweet,0,1,1,0,False,2996888908,replyUsername,6988111565,0.4151741,23,35.67,33.19,54.89,25.77,3.83,13.04,91.3,43.48,13.04,4.35,0.0,0.0,0.0,0.0,4.35,8.7,4.35,8.7,13.04,4.35,4.35,4.35,26.09,17.39,8.7,4.35,0.0,4.35,8.7,4.35,4.35,0.0,0.0,0.0,13.04,0.0,4.35,0.0,4.35,26.09,0.0,4.35,0.0,8.7,0.0,13.04,0.0,0.0,0.0,0.0,4.35,0.0,4.35,0.0,0.0,4.35,0.0,0.0,0.0,4.35,0.0,0.0,26.09,0.0,8.7,0.0,8.7,0.0,0.0,0.0,0.0,0.0,0.0,0.0,0.0,0.0,0.0,0.0,0.0,0.0,34.78,17.39,0.0,0.0,0.0,4.35,0.0,0.0,0.0,4.35,0.0,8.7
2896503596,6136307887,testUsername,2022-01-17 14:05:45,6988111565,some text of a tweet,0,0,0,0,False,2996888908,replyUsername,6988111565,0.007184561,24,88.46,99.0,7.84,25.77,24.0,37.5,45.83,12.5,8.33,8.33,0.0,4.17,4.17,0.0,0.0,0.0,0.0,4.17,0.0,0.0,0.0,0.0,0.0,0.0,0.0,0.0,4.17,0.0,0.0,0.0,0.0,0.0,0.0,0.0,20.83,0.0,8.33,0.0,8.33,0.0,0.0,0.0,0.0,0.0,0.0,0.0,0.0,0.0,0.0,0.0,0.0,0.0,0.0,0.0,0.0,8.33,4.17,0.0,4.17,0.0,0.0,0.0,4.17,0.0,12.5,0.0,8.33,0.0,4.17,4.17,0.0,0.0,0.0,0.0,4.17,0.0,4.17,0.0,0.0,0.0,41.67,4.17,0.0,4.17,0.0,0.0,0.0,4.17,0.0,0.0,0.0,29.17
